<metadata xml:lang="zh"><Esri><CreaDate>20240607</CreaDate><CreaTime>15161900</CreaTime><ArcGISFormat>1.0</ArcGISFormat><SyncOnce>FALSE</SyncOnce><DataProperties><lineage><Process ToolSource="e:\software\arcgispro\Resources\ArcToolbox\toolboxes\Conversion Tools.tbx\ExportFeatures" Date="20240607" Time="151619">ExportFeatures ct2010 E:\Programs\Detroit\spatial_weights\Detroit\Detroit.shp # NOT_USE_ALIAS "Index2010 "Index2010" true true false 5 Long 0 5,First,#,ct2010,ct2010.Index2010,-1,-1;GEO2010 "GEO2010" true true false 11 Text 0 0,First,#,ct2010,ct2010.GEO2010,0,11;Area2010 "Area2010" true true false 19 Double 0 0,First,#,ct2010,ct2010.Area2010,-1,-1;EDU00 "EDU00" true true false 8 Double 0 0,First,#,ct2010,final_df.csv.EDU00,-1,-1;UNEM00 "UNEM00" true true false 8 Double 0 0,First,#,ct2010,final_df.csv.UNEM00,-1,-1;MANU00 "MANU00" true true false 8 Double 0 0,First,#,ct2010,final_df.csv.MANU00,-1,-1;POV00 "POV00" true true false 8 Double 0 0,First,#,ct2010,final_df.csv.POV00,-1,-1;OWNC00 "OWNC00" true true false 8 Double 0 0,First,#,ct2010,final_df.csv.OWNC00,-1,-1;MULS00 "MULS00" true true false 8 Double 0 0,First,#,ct2010,final_df.csv.MULS00,-1,-1;MEDH00 "MEDH00" true true false 8 Double 0 0,First,#,ct2010,final_df.csv.MEDH00,-1,-1;BTYR00 "BTYR00" true true false 8 Double 0 0,First,#,ct2010,final_df.csv.BTYR00,-1,-1;YRMV00 "YRMV00" true true false 8 Double 0 0,First,#,ct2010,final_df.csv.YRMV00,-1,-1;VAC00 "VAC00" true true false 8 Double 0 0,First,#,ct2010,final_df.csv.VAC00,-1,-1;OLD00 "OLD00" true true false 8 Double 0 0,First,#,ct2010,final_df.csv.OLD00,-1,-1;CHILD00 "CHILD00" true true false 8 Double 0 0,First,#,ct2010,final_df.csv.CHILD00,-1,-1;EDU10 "EDU10" true true false 8 Double 0 0,First,#,ct2010,final_df.csv.EDU10,-1,-1;UNEM10 "UNEM10" true true false 8 Double 0 0,First,#,ct2010,final_df.csv.UNEM10,-1,-1;MANU10 "MANU10" true true false 8 Double 0 0,First,#,ct2010,final_df.csv.MANU10,-1,-1;POV10 "POV10" true true false 8 Double 0 0,First,#,ct2010,final_df.csv.POV10,-1,-1;OWNC10 "OWNC10" true true false 8 Double 0 0,First,#,ct2010,final_df.csv.OWNC10,-1,-1;MULS10 "MULS10" true true false 8 Double 0 0,First,#,ct2010,final_df.csv.MULS10,-1,-1;MEDH10 "MEDH10" true true false 8 Double 0 0,First,#,ct2010,final_df.csv.MEDH10,-1,-1;BTYR10 "BTYR10" true true false 8 Double 0 0,First,#,ct2010,final_df.csv.BTYR10,-1,-1;YRMV10 "YRMV10" true true false 8 Double 0 0,First,#,ct2010,final_df.csv.YRMV10,-1,-1;VAC10 "VAC10" true true false 8 Double 0 0,First,#,ct2010,final_df.csv.VAC10,-1,-1;OLD10 "OLD10" true true false 8 Double 0 0,First,#,ct2010,final_df.csv.OLD10,-1,-1;CHILD10 "CHILD10" true true false 8 Double 0 0,First,#,ct2010,final_df.csv.CHILD10,-1,-1;EDU13 "EDU13" true true false 8 Double 0 0,First,#,ct2010,final_df.csv.EDU13,-1,-1;UNEM13 "UNEM13" true true false 8 Double 0 0,First,#,ct2010,final_df.csv.UNEM13,-1,-1;MANU13 "MANU13" true true false 8 Double 0 0,First,#,ct2010,final_df.csv.MANU13,-1,-1;POV13 "POV13" true true false 8 Double 0 0,First,#,ct2010,final_df.csv.POV13,-1,-1;OWNC13 "OWNC13" true true false 8 Double 0 0,First,#,ct2010,final_df.csv.OWNC13,-1,-1;MULS13 "MULS13" true true false 8 Double 0 0,First,#,ct2010,final_df.csv.MULS13,-1,-1;MEDH13 "MEDH13" true true false 8 Double 0 0,First,#,ct2010,final_df.csv.MEDH13,-1,-1;BTYR13 "BTYR13" true true false 8 Double 0 0,First,#,ct2010,final_df.csv.BTYR13,-1,-1;YRMV13 "YRMV13" true true false 8 Double 0 0,First,#,ct2010,final_df.csv.YRMV13,-1,-1;VAC13 "VAC13" true true false 8 Double 0 0,First,#,ct2010,final_df.csv.VAC13,-1,-1;OLD13 "OLD13" true true false 8 Double 0 0,First,#,ct2010,final_df.csv.OLD13,-1,-1;CHILD13 "CHILD13" true true false 8 Double 0 0,First,#,ct2010,final_df.csv.CHILD13,-1,-1;EDU15 "EDU15" true true false 8 Double 0 0,First,#,ct2010,final_df.csv.EDU15,-1,-1;UNEM15 "UNEM15" true true false 8 Double 0 0,First,#,ct2010,final_df.csv.UNEM15,-1,-1;MANU15 "MANU15" true true false 8 Double 0 0,First,#,ct2010,final_df.csv.MANU15,-1,-1;POV15 "POV15" true true false 8 Double 0 0,First,#,ct2010,final_df.csv.POV15,-1,-1;OWNC15 "OWNC15" true true false 8 Double 0 0,First,#,ct2010,final_df.csv.OWNC15,-1,-1;MULS15 "MULS15" true true false 8 Double 0 0,First,#,ct2010,final_df.csv.MULS15,-1,-1;MEDH15 "MEDH15" true true false 8 Double 0 0,First,#,ct2010,final_df.csv.MEDH15,-1,-1;BTYR15 "BTYR15" true true false 8 Double 0 0,First,#,ct2010,final_df.csv.BTYR15,-1,-1;YRMV15 "YRMV15" true true false 8 Double 0 0,First,#,ct2010,final_df.csv.YRMV15,-1,-1;VAC15 "VAC15" true true false 8 Double 0 0,First,#,ct2010,final_df.csv.VAC15,-1,-1;OLD15 "OLD15" true true false 8 Double 0 0,First,#,ct2010,final_df.csv.OLD15,-1,-1;CHILD15 "CHILD15" true true false 8 Double 0 0,First,#,ct2010,final_df.csv.CHILD15,-1,-1;EDU18 "EDU18" true true false 8 Double 0 0,First,#,ct2010,final_df.csv.EDU18,-1,-1;UNEM18 "UNEM18" true true false 8 Double 0 0,First,#,ct2010,final_df.csv.UNEM18,-1,-1;MANU18 "MANU18" true true false 8 Double 0 0,First,#,ct2010,final_df.csv.MANU18,-1,-1;POV18 "POV18" true true false 8 Double 0 0,First,#,ct2010,final_df.csv.POV18,-1,-1;OWNC18 "OWNC18" true true false 8 Double 0 0,First,#,ct2010,final_df.csv.OWNC18,-1,-1;MULS18 "MULS18" true true false 8 Double 0 0,First,#,ct2010,final_df.csv.MULS18,-1,-1;MEDH18 "MEDH18" true true false 8 Double 0 0,First,#,ct2010,final_df.csv.MEDH18,-1,-1;BTYR18 "BTYR18" true true false 8 Double 0 0,First,#,ct2010,final_df.csv.BTYR18,-1,-1;YRMV18 "YRMV18" true true false 8 Double 0 0,First,#,ct2010,final_df.csv.YRMV18,-1,-1;VAC18 "VAC18" true true false 8 Double 0 0,First,#,ct2010,final_df.csv.VAC18,-1,-1;OLD18 "OLD18" true true false 8 Double 0 0,First,#,ct2010,final_df.csv.OLD18,-1,-1;CHILD18 "CHILD18" true true false 8 Double 0 0,First,#,ct2010,final_df.csv.CHILD18,-1,-1;EDU20 "EDU20" true true false 8 Double 0 0,First,#,ct2010,final_df.csv.EDU20,-1,-1;UNEM20 "UNEM20" true true false 8 Double 0 0,First,#,ct2010,final_df.csv.UNEM20,-1,-1;MANU20 "MANU20" true true false 8 Double 0 0,First,#,ct2010,final_df.csv.MANU20,-1,-1;POV20 "POV20" true true false 8 Double 0 0,First,#,ct2010,final_df.csv.POV20,-1,-1;OWNC20 "OWNC20" true true false 8 Double 0 0,First,#,ct2010,final_df.csv.OWNC20,-1,-1;MULS20 "MULS20" true true false 8 Double 0 0,First,#,ct2010,final_df.csv.MULS20,-1,-1;MEDH20 "MEDH20" true true false 8 Double 0 0,First,#,ct2010,final_df.csv.MEDH20,-1,-1;BTYR20 "BTYR20" true true false 8 Double 0 0,First,#,ct2010,final_df.csv.BTYR20,-1,-1;YRMV20 "YRMV20" true true false 8 Double 0 0,First,#,ct2010,final_df.csv.YRMV20,-1,-1;VAC20 "VAC20" true true false 8 Double 0 0,First,#,ct2010,final_df.csv.VAC20,-1,-1;OLD20 "OLD20" true true false 8 Double 0 0,First,#,ct2010,final_df.csv.OLD20,-1,-1;CHILD20 "CHILD20" true true false 8 Double 0 0,First,#,ct2010,final_df.csv.CHILD20,-1,-1;WATER00 "WATER00" true true false 8 Double 0 0,First,#,ct2010,landuse_df.csv.WATER00,-1,-1;DEVELI00 "DEVELI00" true true false 8 Double 0 0,First,#,ct2010,landuse_df.csv.DEVELI00,-1,-1;WETLAND00 "WETLAND00" true true false 8 Double 0 0,First,#,ct2010,landuse_df.csv.WETLAND00,-1,-1;AGRI00 "AGRI00" true true false 8 Double 0 0,First,#,ct2010,landuse_df.csv.AGRI00,-1,-1;FOREST00 "FOREST00" true true false 8 Double 0 0,First,#,ct2010,landuse_df.csv.FOREST00,-1,-1;DEVEMI00 "DEVEMI00" true true false 8 Double 0 0,First,#,ct2010,landuse_df.csv.DEVEMI00,-1,-1;DEVEOS00 "DEVEOS00" true true false 8 Double 0 0,First,#,ct2010,landuse_df.csv.DEVEOS00,-1,-1;SHRUB00 "SHRUB00" true true false 8 Double 0 0,First,#,ct2010,landuse_df.csv.SHRUB00,-1,-1;DEVEHI00 "DEVEHI00" true true false 8 Double 0 0,First,#,ct2010,landuse_df.csv.DEVEHI00,-1,-1;BARREN00 "BARREN00" true true false 8 Double 0 0,First,#,ct2010,landuse_df.csv.BARREN00,-1,-1;UNCLA00 "UNCLA00" true true false 8 Double 0 0,First,#,ct2010,landuse_df.csv.UNCLA00,-1,-1;WATER10 "WATER10" true true false 8 Double 0 0,First,#,ct2010,landuse_df.csv.WATER10,-1,-1;DEVELI10 "DEVELI10" true true false 8 Double 0 0,First,#,ct2010,landuse_df.csv.DEVELI10,-1,-1;WETLAND10 "WETLAND10" true true false 8 Double 0 0,First,#,ct2010,landuse_df.csv.WETLAND10,-1,-1;AGRI10 "AGRI10" true true false 8 Double 0 0,First,#,ct2010,landuse_df.csv.AGRI10,-1,-1;FOREST10 "FOREST10" true true false 8 Double 0 0,First,#,ct2010,landuse_df.csv.FOREST10,-1,-1;DEVEMI10 "DEVEMI10" true true false 8 Double 0 0,First,#,ct2010,landuse_df.csv.DEVEMI10,-1,-1;DEVEOS10 "DEVEOS10" true true false 8 Double 0 0,First,#,ct2010,landuse_df.csv.DEVEOS10,-1,-1;SHRUB10 "SHRUB10" true true false 8 Double 0 0,First,#,ct2010,landuse_df.csv.SHRUB10,-1,-1;DEVEHI10 "DEVEHI10" true true false 8 Double 0 0,First,#,ct2010,landuse_df.csv.DEVEHI10,-1,-1;BARREN10 "BARREN10" true true false 8 Double 0 0,First,#,ct2010,landuse_df.csv.BARREN10,-1,-1;UNCLA10 "UNCLA10" true true false 8 Double 0 0,First,#,ct2010,landuse_df.csv.UNCLA10,-1,-1;WATER13 "WATER13" true true false 8 Double 0 0,First,#,ct2010,landuse_df.csv.WATER13,-1,-1;DEVELI13 "DEVELI13" true true false 8 Double 0 0,First,#,ct2010,landuse_df.csv.DEVELI13,-1,-1;WETLAND13 "WETLAND13" true true false 8 Double 0 0,First,#,ct2010,landuse_df.csv.WETLAND13,-1,-1;AGRI13 "AGRI13" true true false 8 Double 0 0,First,#,ct2010,landuse_df.csv.AGRI13,-1,-1;FOREST13 "FOREST13" true true false 8 Double 0 0,First,#,ct2010,landuse_df.csv.FOREST13,-1,-1;DEVEMI13 "DEVEMI13" true true false 8 Double 0 0,First,#,ct2010,landuse_df.csv.DEVEMI13,-1,-1;DEVEOS13 "DEVEOS13" true true false 8 Double 0 0,First,#,ct2010,landuse_df.csv.DEVEOS13,-1,-1;SHRUB13 "SHRUB13" true true false 8 Double 0 0,First,#,ct2010,landuse_df.csv.SHRUB13,-1,-1;DEVEHI13 "DEVEHI13" true true false 8 Double 0 0,First,#,ct2010,landuse_df.csv.DEVEHI13,-1,-1;BARREN13 "BARREN13" true true false 8 Double 0 0,First,#,ct2010,landuse_df.csv.BARREN13,-1,-1;UNCLA13 "UNCLA13" true true false 8 Double 0 0,First,#,ct2010,landuse_df.csv.UNCLA13,-1,-1;WATER15 "WATER15" true true false 8 Double 0 0,First,#,ct2010,landuse_df.csv.WATER15,-1,-1;DEVELI15 "DEVELI15" true true false 8 Double 0 0,First,#,ct2010,landuse_df.csv.DEVELI15,-1,-1;WETLAND15 "WETLAND15" true true false 8 Double 0 0,First,#,ct2010,landuse_df.csv.WETLAND15,-1,-1;AGRI15 "AGRI15" true true false 8 Double 0 0,First,#,ct2010,landuse_df.csv.AGRI15,-1,-1;FOREST15 "FOREST15" true true false 8 Double 0 0,First,#,ct2010,landuse_df.csv.FOREST15,-1,-1;DEVEMI15 "DEVEMI15" true true false 8 Double 0 0,First,#,ct2010,landuse_df.csv.DEVEMI15,-1,-1;DEVEOS15 "DEVEOS15" true true false 8 Double 0 0,First,#,ct2010,landuse_df.csv.DEVEOS15,-1,-1;SHRUB15 "SHRUB15" true true false 8 Double 0 0,First,#,ct2010,landuse_df.csv.SHRUB15,-1,-1;DEVEHI15 "DEVEHI15" true true false 8 Double 0 0,First,#,ct2010,landuse_df.csv.DEVEHI15,-1,-1;BARREN15 "BARREN15" true true false 8 Double 0 0,First,#,ct2010,landuse_df.csv.BARREN15,-1,-1;UNCLA15 "UNCLA15" true true false 8 Double 0 0,First,#,ct2010,landuse_df.csv.UNCLA15,-1,-1;WATER18 "WATER18" true true false 8 Double 0 0,First,#,ct2010,landuse_df.csv.WATER18,-1,-1;DEVELI18 "DEVELI18" true true false 8 Double 0 0,First,#,ct2010,landuse_df.csv.DEVELI18,-1,-1;WETLAND18 "WETLAND18" true true false 8 Double 0 0,First,#,ct2010,landuse_df.csv.WETLAND18,-1,-1;AGRI18 "AGRI18" true true false 8 Double 0 0,First,#,ct2010,landuse_df.csv.AGRI18,-1,-1;FOREST18 "FOREST18" true true false 8 Double 0 0,First,#,ct2010,landuse_df.csv.FOREST18,-1,-1;DEVEMI18 "DEVEMI18" true true false 8 Double 0 0,First,#,ct2010,landuse_df.csv.DEVEMI18,-1,-1;DEVEOS18 "DEVEOS18" true true false 8 Double 0 0,First,#,ct2010,landuse_df.csv.DEVEOS18,-1,-1;SHRUB18 "SHRUB18" true true false 8 Double 0 0,First,#,ct2010,landuse_df.csv.SHRUB18,-1,-1;DEVEHI18 "DEVEHI18" true true false 8 Double 0 0,First,#,ct2010,landuse_df.csv.DEVEHI18,-1,-1;BARREN18 "BARREN18" true true false 8 Double 0 0,First,#,ct2010,landuse_df.csv.BARREN18,-1,-1;UNCLA18 "UNCLA18" true true false 8 Double 0 0,First,#,ct2010,landuse_df.csv.UNCLA18,-1,-1;WATER20 "WATER20" true true false 8 Double 0 0,First,#,ct2010,landuse_df.csv.WATER20,-1,-1;DEVELI20 "DEVELI20" true true false 8 Double 0 0,First,#,ct2010,landuse_df.csv.DEVELI20,-1,-1;WETLAND20 "WETLAND20" true true false 8 Double 0 0,First,#,ct2010,landuse_df.csv.WETLAND20,-1,-1;AGRI20 "AGRI20" true true false 8 Double 0 0,First,#,ct2010,landuse_df.csv.AGRI20,-1,-1;FOREST20 "FOREST20" true true false 8 Double 0 0,First,#,ct2010,landuse_df.csv.FOREST20,-1,-1;DEVEMI20 "DEVEMI20" true true false 8 Double 0 0,First,#,ct2010,landuse_df.csv.DEVEMI20,-1,-1;DEVEOS20 "DEVEOS20" true true false 8 Double 0 0,First,#,ct2010,landuse_df.csv.DEVEOS20,-1,-1;SHRUB20 "SHRUB20" true true false 8 Double 0 0,First,#,ct2010,landuse_df.csv.SHRUB20,-1,-1;DEVEHI20 "DEVEHI20" true true false 8 Double 0 0,First,#,ct2010,landuse_df.csv.DEVEHI20,-1,-1;BARREN20 "BARREN20" true true false 8 Double 0 0,First,#,ct2010,landuse_df.csv.BARREN20,-1,-1;UNCLA20 "UNCLA20" true true false 8 Double 0 0,First,#,ct2010,landuse_df.csv.UNCLA20,-1,-1" #</Process><Process ToolSource="e:\software\arcgispro\Resources\ArcToolbox\toolboxes\Data Management Tools.tbx\UpdateSchema" Date="20240609" Time="165722">UpdateSchema "CIMDATA=&lt;CIMStandardDataConnection xsi:type='typens:CIMStandardDataConnection' xmlns:xsi='http://www.w3.org/2001/XMLSchema-instance' xmlns:xs='http://www.w3.org/2001/XMLSchema' xmlns:typens='http://www.esri.com/schemas/ArcGIS/3.0.0'&gt;&lt;WorkspaceConnectionString&gt;DATABASE=E:\Programs\Detroit\spatial_weights\Detroit&lt;/WorkspaceConnectionString&gt;&lt;WorkspaceFactory&gt;Shapefile&lt;/WorkspaceFactory&gt;&lt;Dataset&gt;Detroit&lt;/Dataset&gt;&lt;DatasetType&gt;esriDTFeatureClass&lt;/DatasetType&gt;&lt;/CIMStandardDataConnection&gt;" &lt;operationSequence&gt;&lt;workflow&gt;&lt;AddField&gt;&lt;field_name&gt;GEO_int&lt;/field_name&gt;&lt;field_type&gt;LONG&lt;/field_type&gt;&lt;field_is_nullable&gt;False&lt;/field_is_nullable&gt;&lt;field_is_required&gt;False&lt;/field_is_required&gt;&lt;/AddField&gt;&lt;/workflow&gt;&lt;/operationSequence&gt;</Process><Process ToolSource="e:\software\arcgispro\Resources\ArcToolbox\toolboxes\Data Management Tools.tbx\CalculateField" Date="20240609" Time="165825">CalculateField Detroit GEO_int !GEO2010! "Python 3" # 文本 NO_ENFORCE_DOMAINS</Process><Process ToolSource="e:\software\arcgispro\Resources\ArcToolbox\toolboxes\Data Management Tools.tbx\CalculateField" Date="20240609" Time="165904">CalculateField Detroit GEO_int !GEO2010! "Python 3" # 文本 ENFORCE_DOMAINS</Process><Process ToolSource="e:\software\arcgispro\Resources\ArcToolbox\toolboxes\Data Management Tools.tbx\CalculateField" Date="20240609" Time="170352">CalculateField Detroit GEO_int convert_to_int(!GEO2010!) "Python 3" "def convert_to_int(geo_text):
    try:
        return int(geo_text)
    except ValueError:
        return None  # 或者返回一个默认值，例如 -1
  " 文本 NO_ENFORCE_DOMAINS</Process><Process ToolSource="e:\software\arcgispro\Resources\ArcToolbox\toolboxes\Data Management Tools.tbx\DeleteField" Date="20240609" Time="170452">DeleteField Detroit GEO_int 删除字段</Process><Process ToolSource="e:\software\arcgis\desktop10.8\ArcToolbox\Toolboxes\Data Management Tools.tbx\CopyFeatures" Date="20240611" Time="142648">CopyFeatures E:\Programs\Detroit\Detroit\Detroit.shp E:\Programs\Detroit\r\w_UNEM15_15_Featureclass.shp # 0 0 0</Process><Process ToolSource="e:\software\arcgis\desktop10.8\ArcToolbox\Toolboxes\Data Management Tools.tbx\AddField" Date="20240611" Time="152131">AddField E:\Programs\Detroit\r\w_UNEM15_15_Layer.lyr Gravity DOUBLE # # # # NON_NULLABLE NON_REQUIRED #</Process><Process ToolSource="E:\Programs\Detroit\UNA_Toolbox\Urban Network Analysis Tools.tbx\Centrality" Date="20240611" Time="152132">Centrality E:\Programs\Detroit\Detroit\Detroit.shp false E:\Programs\Detroit\UNA_Toolbox\SEM_T4\T4_streets_ND.nd false true false false false Index2010 UNEM15 Length # "On the network" 0.000663 # E:\Programs\Detroit\r w_UNEM15_15 #</Process><Process ToolSource="e:\software\arcgispro\Resources\ArcToolbox\toolboxes\Data Management Tools.tbx\DeleteField" Date="20240617" Time="100757">DeleteField w_UNEM15_15_Featureclass GEO2010;Area2010;EDU00;UNEM00;MANU00;POV00;OWNC00;MULS00;MEDH00;BTYR00;YRMV00;VAC00;OLD00;CHILD00;EDU10;UNEM10;MANU10;POV10;OWNC10;MULS10;MEDH10;BTYR10;YRMV10;VAC10;OLD10;CHILD10;EDU13;UNEM13;MANU13;POV13;OWNC13;MULS13;MEDH13;BTYR13;YRMV13;VAC13;OLD13;CHILD13;EDU15;UNEM15;MANU15;POV15;OWNC15;MULS15;MEDH15;BTYR15;YRMV15;VAC15;OLD15;CHILD15;EDU18;UNEM18;MANU18;POV18;OWNC18;MULS18;MEDH18;BTYR18;YRMV18;VAC18;OLD18;CHILD18;EDU20;UNEM20;MANU20;POV20;OWNC20;MULS20;MEDH20;BTYR20;YRMV20;VAC20;OLD20;CHILD20;WATER00;DEVELI00;WETLAND00;AGRI00;FOREST00;DEVEMI00;DEVEOS00;SHRUB00;DEVEHI00;BARREN00;UNCLA00;WATER10;DEVELI10;WETLAND10;AGRI10;FOREST10;DEVEMI10;DEVEOS10;SHRUB10;DEVEHI10;BARREN10;UNCLA10;WATER13;DEVELI13;WETLAND13;AGRI13;FOREST13;DEVEMI13;DEVEOS13;SHRUB13;DEVEHI13;BARREN13;UNCLA13;WATER15;DEVELI15;WETLAND15;AGRI15;FOREST15;DEVEMI15;DEVEOS15;SHRUB15;DEVEHI15;BARREN15;UNCLA15;WATER18;DEVELI18;WETLAND18;AGRI18;FOREST18;DEVEMI18;DEVEOS18;SHRUB18;DEVEHI18;BARREN18;UNCLA18;WATER20;DEVELI20;WETLAND20;AGRI20;FOREST20;DEVEMI20;DEVEOS20;SHRUB20;DEVEHI20;BARREN20;UNCLA20 删除字段</Process><Process ToolSource="e:\software\arcgispro\Resources\ArcToolbox\toolboxes\Conversion Tools.tbx\ExportFeatures" Date="20240618" Time="110327">ExportFeatures w_UNEM15_15_Featureclass E:\Programs\Detroit\project\MyProject\MyProject.gdb\Gravity_00_13 # NOT_USE_ALIAS "OID "OID" true true false 8 Double 0 0,First,#,w_UNEM15_15_Featureclass,detroit_origin_dbf$.OID,-1,-1;Index2010 "Index2010" true true false 8 Double 0 0,First,#,w_UNEM15_15_Featureclass,detroit_origin_dbf$.Index2010,-1,-1;GEO2010 "GEO2010" true true false 255 Text 0 0,First,#,w_UNEM15_15_Featureclass,detroit_origin_dbf$.GEO2010,0,255;EDU00_G "EDU00_G" true true false 8 Double 0 0,First,#,w_UNEM15_15_Featureclass,detroit_origin_dbf$.EDU00_Gravity,-1,-1;UNEM00_G "UNEM00_G" true true false 8 Double 0 0,First,#,w_UNEM15_15_Featureclass,detroit_origin_dbf$.UNEM00_Gravity,-1,-1;MANU00_G "MANU00_G" true true false 8 Double 0 0,First,#,w_UNEM15_15_Featureclass,detroit_origin_dbf$.MANU00_Gravity,-1,-1;POV00_G "POV00_G" true true false 8 Double 0 0,First,#,w_UNEM15_15_Featureclass,detroit_origin_dbf$.POV00_Gravity,-1,-1;OWNC00_G "OWNC00_G" true true false 8 Double 0 0,First,#,w_UNEM15_15_Featureclass,detroit_origin_dbf$.OWNC00_Gravity,-1,-1;MULS00_G "MULS00_G" true true false 8 Double 0 0,First,#,w_UNEM15_15_Featureclass,detroit_origin_dbf$.MULS00_Gravity,-1,-1;MEDH00_G "MEDH00_G" true true false 8 Double 0 0,First,#,w_UNEM15_15_Featureclass,detroit_origin_dbf$.MEDH00_Gravity,-1,-1;BTYR00_G "BTYR00_G" true true false 8 Double 0 0,First,#,w_UNEM15_15_Featureclass,detroit_origin_dbf$.BTYR00_Gravity,-1,-1;YRMV00_G "YRMV00_G" true true false 8 Double 0 0,First,#,w_UNEM15_15_Featureclass,detroit_origin_dbf$.YRMV00_Gravity,-1,-1;VAC00_G "VAC00_G" true true false 8 Double 0 0,First,#,w_UNEM15_15_Featureclass,detroit_origin_dbf$.VAC00_Gravity,-1,-1;OLD00_G "OLD00_G" true true false 8 Double 0 0,First,#,w_UNEM15_15_Featureclass,detroit_origin_dbf$.OLD00_Gravity,-1,-1;CHILD00_G "CHILD00_G" true true false 8 Double 0 0,First,#,w_UNEM15_15_Featureclass,detroit_origin_dbf$.CHILD00_Gravity,-1,-1;EDU10_G "EDU10_G" true true false 8 Double 0 0,First,#,w_UNEM15_15_Featureclass,detroit_origin_dbf$.EDU10_Gravity,-1,-1;UNEM10_G "UNEM10_G" true true false 8 Double 0 0,First,#,w_UNEM15_15_Featureclass,detroit_origin_dbf$.UNEM10_Gravity,-1,-1;MANU10_G "MANU10_G" true true false 8 Double 0 0,First,#,w_UNEM15_15_Featureclass,detroit_origin_dbf$.MANU10_Gravity,-1,-1;POV10_G "POV10_G" true true false 8 Double 0 0,First,#,w_UNEM15_15_Featureclass,detroit_origin_dbf$.POV10_Gravity,-1,-1;OWNC10_G "OWNC10_G" true true false 8 Double 0 0,First,#,w_UNEM15_15_Featureclass,detroit_origin_dbf$.OWNC10_Gravity,-1,-1;MULS10_G "MULS10_G" true true false 8 Double 0 0,First,#,w_UNEM15_15_Featureclass,detroit_origin_dbf$.MULS10_Gravity,-1,-1;MEDH10_G "MEDH10_G" true true false 8 Double 0 0,First,#,w_UNEM15_15_Featureclass,detroit_origin_dbf$.MEDH10_Gravity,-1,-1;BTYR10_G "BTYR10_G" true true false 8 Double 0 0,First,#,w_UNEM15_15_Featureclass,detroit_origin_dbf$.BTYR10_Gravity,-1,-1;YRMV10_G "YRMV10_G" true true false 8 Double 0 0,First,#,w_UNEM15_15_Featureclass,detroit_origin_dbf$.YRMV10_Gravity,-1,-1;VAC10_G "VAC10_G" true true false 8 Double 0 0,First,#,w_UNEM15_15_Featureclass,detroit_origin_dbf$.VAC10_Gravity,-1,-1;OLD10_G "OLD10_G" true true false 8 Double 0 0,First,#,w_UNEM15_15_Featureclass,detroit_origin_dbf$.OLD10_Gravity,-1,-1;CHILD10_G "CHILD10_G" true true false 8 Double 0 0,First,#,w_UNEM15_15_Featureclass,detroit_origin_dbf$.CHILD10_Gravity,-1,-1;EDU13_G "EDU13_G" true true false 8 Double 0 0,First,#,w_UNEM15_15_Featureclass,detroit_origin_dbf$.EDU13_Gravity,-1,-1;UNEM13_G "UNEM13_G" true true false 8 Double 0 0,First,#,w_UNEM15_15_Featureclass,detroit_origin_dbf$.UNEM13_Gravity,-1,-1;MANU13_G "MANU13_G" true true false 8 Double 0 0,First,#,w_UNEM15_15_Featureclass,detroit_origin_dbf$.MANU13_Gravity,-1,-1;POV13_G "POV13_G" true true false 8 Double 0 0,First,#,w_UNEM15_15_Featureclass,detroit_origin_dbf$.POV13_Gravity,-1,-1;OWNC13_G "OWNC13_G" true true false 8 Double 0 0,First,#,w_UNEM15_15_Featureclass,detroit_origin_dbf$.OWNC13_Gravity,-1,-1;MULS13_G "MULS13_G" true true false 8 Double 0 0,First,#,w_UNEM15_15_Featureclass,detroit_origin_dbf$.MULS13_Gravity,-1,-1;MEDH13_G "MEDH13_G" true true false 8 Double 0 0,First,#,w_UNEM15_15_Featureclass,detroit_origin_dbf$.MEDH13_Gravity,-1,-1;BTYR13_G "BTYR13_G" true true false 8 Double 0 0,First,#,w_UNEM15_15_Featureclass,detroit_origin_dbf$.BTYR13_Gravity,-1,-1;YRMV13_G "YRMV13_G" true true false 8 Double 0 0,First,#,w_UNEM15_15_Featureclass,detroit_origin_dbf$.YRMV13_Gravity,-1,-1;VAC13_G "VAC13_G" true true false 8 Double 0 0,First,#,w_UNEM15_15_Featureclass,detroit_origin_dbf$.VAC13_Gravity,-1,-1;OLD13_G "OLD13_G" true true false 8 Double 0 0,First,#,w_UNEM15_15_Featureclass,detroit_origin_dbf$.OLD13_Gravity,-1,-1;CHILD13_G "CHILD13_G" true true false 8 Double 0 0,First,#,w_UNEM15_15_Featureclass,detroit_origin_dbf$.CHILD13_Gravity,-1,-1" #</Process><Process ToolSource="e:\software\arcgispro\Resources\ArcToolbox\toolboxes\Conversion Tools.tbx\ExportFeatures" Date="20240618" Time="110451">ExportFeatures Gravity_00_13 E:\Programs\Detroit\project\MyProject\MyProject.gdb\Gravity_00_20 # NOT_USE_ALIAS "OID_1 "OID" true true false 8 Double 0 0,First,#,Gravity_00_13,Gravity_00_13.OID_1,-1,-1;Index2010 "Index2010" true true false 8 Double 0 0,First,#,Gravity_00_13,Gravity_00_13.Index2010,-1,-1;GEO2010 "GEO2010" true true false 255 Text 0 0,First,#,Gravity_00_13,Gravity_00_13.GEO2010,0,255;EDU00_G "EDU00_G" true true false 8 Double 0 0,First,#,Gravity_00_13,Gravity_00_13.EDU00_G,-1,-1;UNEM00_G "UNEM00_G" true true false 8 Double 0 0,First,#,Gravity_00_13,Gravity_00_13.UNEM00_G,-1,-1;MANU00_G "MANU00_G" true true false 8 Double 0 0,First,#,Gravity_00_13,Gravity_00_13.MANU00_G,-1,-1;POV00_G "POV00_G" true true false 8 Double 0 0,First,#,Gravity_00_13,Gravity_00_13.POV00_G,-1,-1;OWNC00_G "OWNC00_G" true true false 8 Double 0 0,First,#,Gravity_00_13,Gravity_00_13.OWNC00_G,-1,-1;MULS00_G "MULS00_G" true true false 8 Double 0 0,First,#,Gravity_00_13,Gravity_00_13.MULS00_G,-1,-1;MEDH00_G "MEDH00_G" true true false 8 Double 0 0,First,#,Gravity_00_13,Gravity_00_13.MEDH00_G,-1,-1;BTYR00_G "BTYR00_G" true true false 8 Double 0 0,First,#,Gravity_00_13,Gravity_00_13.BTYR00_G,-1,-1;YRMV00_G "YRMV00_G" true true false 8 Double 0 0,First,#,Gravity_00_13,Gravity_00_13.YRMV00_G,-1,-1;VAC00_G "VAC00_G" true true false 8 Double 0 0,First,#,Gravity_00_13,Gravity_00_13.VAC00_G,-1,-1;OLD00_G "OLD00_G" true true false 8 Double 0 0,First,#,Gravity_00_13,Gravity_00_13.OLD00_G,-1,-1;CHILD00_G "CHILD00_G" true true false 8 Double 0 0,First,#,Gravity_00_13,Gravity_00_13.CHILD00_G,-1,-1;EDU10_G "EDU10_G" true true false 8 Double 0 0,First,#,Gravity_00_13,Gravity_00_13.EDU10_G,-1,-1;UNEM10_G "UNEM10_G" true true false 8 Double 0 0,First,#,Gravity_00_13,Gravity_00_13.UNEM10_G,-1,-1;MANU10_G "MANU10_G" true true false 8 Double 0 0,First,#,Gravity_00_13,Gravity_00_13.MANU10_G,-1,-1;POV10_G "POV10_G" true true false 8 Double 0 0,First,#,Gravity_00_13,Gravity_00_13.POV10_G,-1,-1;OWNC10_G "OWNC10_G" true true false 8 Double 0 0,First,#,Gravity_00_13,Gravity_00_13.OWNC10_G,-1,-1;MULS10_G "MULS10_G" true true false 8 Double 0 0,First,#,Gravity_00_13,Gravity_00_13.MULS10_G,-1,-1;MEDH10_G "MEDH10_G" true true false 8 Double 0 0,First,#,Gravity_00_13,Gravity_00_13.MEDH10_G,-1,-1;BTYR10_G "BTYR10_G" true true false 8 Double 0 0,First,#,Gravity_00_13,Gravity_00_13.BTYR10_G,-1,-1;YRMV10_G "YRMV10_G" true true false 8 Double 0 0,First,#,Gravity_00_13,Gravity_00_13.YRMV10_G,-1,-1;VAC10_G "VAC10_G" true true false 8 Double 0 0,First,#,Gravity_00_13,Gravity_00_13.VAC10_G,-1,-1;OLD10_G "OLD10_G" true true false 8 Double 0 0,First,#,Gravity_00_13,Gravity_00_13.OLD10_G,-1,-1;CHILD10_G "CHILD10_G" true true false 8 Double 0 0,First,#,Gravity_00_13,Gravity_00_13.CHILD10_G,-1,-1;EDU13_G "EDU13_G" true true false 8 Double 0 0,First,#,Gravity_00_13,Gravity_00_13.EDU13_G,-1,-1;UNEM13_G "UNEM13_G" true true false 8 Double 0 0,First,#,Gravity_00_13,Gravity_00_13.UNEM13_G,-1,-1;MANU13_G "MANU13_G" true true false 8 Double 0 0,First,#,Gravity_00_13,Gravity_00_13.MANU13_G,-1,-1;POV13_G "POV13_G" true true false 8 Double 0 0,First,#,Gravity_00_13,Gravity_00_13.POV13_G,-1,-1;OWNC13_G "OWNC13_G" true true false 8 Double 0 0,First,#,Gravity_00_13,Gravity_00_13.OWNC13_G,-1,-1;MULS13_G "MULS13_G" true true false 8 Double 0 0,First,#,Gravity_00_13,Gravity_00_13.MULS13_G,-1,-1;MEDH13_G "MEDH13_G" true true false 8 Double 0 0,First,#,Gravity_00_13,Gravity_00_13.MEDH13_G,-1,-1;BTYR13_G "BTYR13_G" true true false 8 Double 0 0,First,#,Gravity_00_13,Gravity_00_13.BTYR13_G,-1,-1;YRMV13_G "YRMV13_G" true true false 8 Double 0 0,First,#,Gravity_00_13,Gravity_00_13.YRMV13_G,-1,-1;VAC13_G "VAC13_G" true true false 8 Double 0 0,First,#,Gravity_00_13,Gravity_00_13.VAC13_G,-1,-1;OLD13_G "OLD13_G" true true false 8 Double 0 0,First,#,Gravity_00_13,Gravity_00_13.OLD13_G,-1,-1;CHILD13_G "CHILD13_G" true true false 8 Double 0 0,First,#,Gravity_00_13,Gravity_00_13.CHILD13_G,-1,-1;EDU15_G "EDU15_G" true true false 8 Double 0 0,First,#,Gravity_00_13,Gravity_15_20.EDU15_G,-1,-1;UNEM15_G "UNEM15_G" true true false 8 Double 0 0,First,#,Gravity_00_13,Gravity_15_20.UNEM15_G,-1,-1;MANU15_G "MANU15_G" true true false 8 Double 0 0,First,#,Gravity_00_13,Gravity_15_20.MANU15_G,-1,-1;POV15_G "POV15_G" true true false 8 Double 0 0,First,#,Gravity_00_13,Gravity_15_20.POV15_G,-1,-1;OWNC15_G "OWNC15_G" true true false 8 Double 0 0,First,#,Gravity_00_13,Gravity_15_20.OWNC15_G,-1,-1;MULS15_G "MULS15_G" true true false 8 Double 0 0,First,#,Gravity_00_13,Gravity_15_20.MULS15_G,-1,-1;MEDH15_G "MEDH15_G" true true false 8 Double 0 0,First,#,Gravity_00_13,Gravity_15_20.MEDH15_G,-1,-1;BTYR15_G "BTYR15_G" true true false 8 Double 0 0,First,#,Gravity_00_13,Gravity_15_20.BTYR15_G,-1,-1;YRMV15_G "YRMV15_G" true true false 8 Double 0 0,First,#,Gravity_00_13,Gravity_15_20.YRMV15_G,-1,-1;VAC15_G "VAC15_G" true true false 8 Double 0 0,First,#,Gravity_00_13,Gravity_15_20.VAC15_G,-1,-1;OLD15_G "OLD15_G" true true false 8 Double 0 0,First,#,Gravity_00_13,Gravity_15_20.OLD15_G,-1,-1;CHILD15_G "CHILD15_G" true true false 8 Double 0 0,First,#,Gravity_00_13,Gravity_15_20.CHILD15_G,-1,-1;EDU18_G "EDU18_G" true true false 8 Double 0 0,First,#,Gravity_00_13,Gravity_15_20.EDU18_G,-1,-1;UNEM18_G "UNEM18_G" true true false 8 Double 0 0,First,#,Gravity_00_13,Gravity_15_20.UNEM18_G,-1,-1;MANU18_G "MANU18_G" true true false 8 Double 0 0,First,#,Gravity_00_13,Gravity_15_20.MANU18_G,-1,-1;POV18_G "POV18_G" true true false 8 Double 0 0,First,#,Gravity_00_13,Gravity_15_20.POV18_G,-1,-1;OWNC18_G "OWNC18_G" true true false 8 Double 0 0,First,#,Gravity_00_13,Gravity_15_20.OWNC18_G,-1,-1;MUNLS18_G "MUNLS18_G" true true false 8 Double 0 0,First,#,Gravity_00_13,Gravity_15_20.MUNLS18_G,-1,-1;MEDH18_G "MEDH18_G" true true false 8 Double 0 0,First,#,Gravity_00_13,Gravity_15_20.MEDH18_G,-1,-1;BTYR18_G "BTYR18_G" true true false 8 Double 0 0,First,#,Gravity_00_13,Gravity_15_20.BTYR18_G,-1,-1;YRMV18_G "YRMV18_G" true true false 8 Double 0 0,First,#,Gravity_00_13,Gravity_15_20.YRMV18_G,-1,-1;VAC18_G "VAC18_G" true true false 8 Double 0 0,First,#,Gravity_00_13,Gravity_15_20.VAC18_G,-1,-1;OLD18_G "OLD18_G" true true false 8 Double 0 0,First,#,Gravity_00_13,Gravity_15_20.OLD18_G,-1,-1;CHILD18_G "CHILD18_G" true true false 8 Double 0 0,First,#,Gravity_00_13,Gravity_15_20.CHILD18_G,-1,-1;EDU20_G "EDU20_G" true true false 8 Double 0 0,First,#,Gravity_00_13,Gravity_15_20.EDU20_G,-1,-1;UNEM20_G "UNEM20_G" true true false 8 Double 0 0,First,#,Gravity_00_13,Gravity_15_20.UNEM20_G,-1,-1;MANU20_G "MANU20_G" true true false 8 Double 0 0,First,#,Gravity_00_13,Gravity_15_20.MANU20_G,-1,-1;POV20_G "POV20_G" true true false 8 Double 0 0,First,#,Gravity_00_13,Gravity_15_20.POV20_G,-1,-1;OWNC20_G "OWNC20_G" true true false 8 Double 0 0,First,#,Gravity_00_13,Gravity_15_20.OWNC20_G,-1,-1;MULS20_G "MULS20_G" true true false 8 Double 0 0,First,#,Gravity_00_13,Gravity_15_20.MULS20_G,-1,-1;MEDH20_G "MEDH20_G" true true false 8 Double 0 0,First,#,Gravity_00_13,Gravity_15_20.MEDH20_G,-1,-1;BTYR20_G "BTYR20_G" true true false 8 Double 0 0,First,#,Gravity_00_13,Gravity_15_20.BTYR20_G,-1,-1;YRMV20_G "YRMV20_G" true true false 8 Double 0 0,First,#,Gravity_00_13,Gravity_15_20.YRMV20_G,-1,-1;VAC20_G "VAC20_G" true true false 8 Double 0 0,First,#,Gravity_00_13,Gravity_15_20.VAC20_G,-1,-1;OLD20_G "OLD20_G" true true false 8 Double 0 0,First,#,Gravity_00_13,Gravity_15_20.OLD20_G,-1,-1;CHILD20_G "CHILD20_G" true true false 8 Double 0 0,First,#,Gravity_00_13,Gravity_15_20.CHILD20_G,-1,-1" #</Process><Process ToolSource="e:\software\arcgispro\Resources\ArcToolbox\toolboxes\Data Management Tools.tbx\DeleteField" Date="20240618" Time="110614">DeleteField Gravity_00_20 OID_1 删除字段</Process><Process ToolSource="e:\software\arcgispro\Resources\ArcToolbox\toolboxes\Data Management Tools.tbx\UpdateSchema" Date="20240618" Time="111001">UpdateSchema "CIMDATA=&lt;CIMStandardDataConnection xsi:type='typens:CIMStandardDataConnection' xmlns:xsi='http://www.w3.org/2001/XMLSchema-instance' xmlns:xs='http://www.w3.org/2001/XMLSchema' xmlns:typens='http://www.esri.com/schemas/ArcGIS/3.0.0'&gt;&lt;WorkspaceConnectionString&gt;DATABASE=E:\Programs\Detroit\project\MyProject\MyProject.gdb&lt;/WorkspaceConnectionString&gt;&lt;WorkspaceFactory&gt;FileGDB&lt;/WorkspaceFactory&gt;&lt;Dataset&gt;Gravity_00_20&lt;/Dataset&gt;&lt;DatasetType&gt;esriDTFeatureClass&lt;/DatasetType&gt;&lt;/CIMStandardDataConnection&gt;" &lt;operationSequence&gt;&lt;workflow&gt;&lt;AddField&gt;&lt;field_name&gt;seed&lt;/field_name&gt;&lt;field_type&gt;SHORT&lt;/field_type&gt;&lt;field_is_nullable&gt;True&lt;/field_is_nullable&gt;&lt;field_is_required&gt;False&lt;/field_is_required&gt;&lt;/AddField&gt;&lt;/workflow&gt;&lt;/operationSequence&gt;</Process><Process ToolSource="e:\software\arcgispro\Resources\ArcToolbox\toolboxes\Data Management Tools.tbx\CalculateField" Date="20240618" Time="222059">CalculateField Gravity_00_20 seed "!seed! + 0" "Python 3" # 文本 NO_ENFORCE_DOMAINS</Process><Process ToolSource="e:\software\arcgispro\Resources\ArcToolbox\toolboxes\Data Management Tools.tbx\CalculateField" Date="20240618" Time="222118">CalculateField Gravity_00_20 seed "!seed! + 1" "Python 3" # 文本 NO_ENFORCE_DOMAINS</Process><Process ToolSource="e:\software\arcgispro\Resources\ArcToolbox\toolboxes\Data Management Tools.tbx\CalculateField" Date="20240618" Time="222239">CalculateField Gravity_00_20 seed "0 if !Seed! is None or !Seed! == '' else 1" "Python 3" # 文本 NO_ENFORCE_DOMAINS</Process><Process ToolSource="e:\software\arcgispro\Resources\ArcToolbox\toolboxes\Conversion Tools.tbx\ExportFeatures" Date="20240624" Time="093041">ExportFeatures Gravity_00_20 C:\Users\GunEW\Desktop\data\gravity\gravity_00_20.shp # NOT_USE_ALIAS "Index2010 "Index2010" true true false 8 Double 0 0,First,#,Gravity_00_20,Index2010,-1,-1;GEO2010 "GEO2010" true true false 255 Text 0 0,First,#,Gravity_00_20,GEO2010,0,255;seed "seed" true true false 2 Short 0 0,First,#,Gravity_00_20,seed,-1,-1;EDU00_G "EDU00_G" true true false 8 Double 0 0,First,#,Gravity_00_20,EDU00_G,-1,-1;UNEM00_G "UNEM00_G" true true false 8 Double 0 0,First,#,Gravity_00_20,UNEM00_G,-1,-1;MANU00_G "MANU00_G" true true false 8 Double 0 0,First,#,Gravity_00_20,MANU00_G,-1,-1;POV00_G "POV00_G" true true false 8 Double 0 0,First,#,Gravity_00_20,POV00_G,-1,-1;OWNC00_G "OWNC00_G" true true false 8 Double 0 0,First,#,Gravity_00_20,OWNC00_G,-1,-1;MULS00_G "MULS00_G" true true false 8 Double 0 0,First,#,Gravity_00_20,MULS00_G,-1,-1;MEDH00_G "MEDH00_G" true true false 8 Double 0 0,First,#,Gravity_00_20,MEDH00_G,-1,-1;BTYR00_G "BTYR00_G" true true false 8 Double 0 0,First,#,Gravity_00_20,BTYR00_G,-1,-1;YRMV00_G "YRMV00_G" true true false 8 Double 0 0,First,#,Gravity_00_20,YRMV00_G,-1,-1;VAC00_G "VAC00_G" true true false 8 Double 0 0,First,#,Gravity_00_20,VAC00_G,-1,-1;OLD00_G "OLD00_G" true true false 8 Double 0 0,First,#,Gravity_00_20,OLD00_G,-1,-1;CHILD00_G "CHILD00_G" true true false 8 Double 0 0,First,#,Gravity_00_20,CHILD00_G,-1,-1;EDU10_G "EDU10_G" true true false 8 Double 0 0,First,#,Gravity_00_20,EDU10_G,-1,-1;UNEM10_G "UNEM10_G" true true false 8 Double 0 0,First,#,Gravity_00_20,UNEM10_G,-1,-1;MANU10_G "MANU10_G" true true false 8 Double 0 0,First,#,Gravity_00_20,MANU10_G,-1,-1;POV10_G "POV10_G" true true false 8 Double 0 0,First,#,Gravity_00_20,POV10_G,-1,-1;OWNC10_G "OWNC10_G" true true false 8 Double 0 0,First,#,Gravity_00_20,OWNC10_G,-1,-1;MULS10_G "MULS10_G" true true false 8 Double 0 0,First,#,Gravity_00_20,MULS10_G,-1,-1;MEDH10_G "MEDH10_G" true true false 8 Double 0 0,First,#,Gravity_00_20,MEDH10_G,-1,-1;BTYR10_G "BTYR10_G" true true false 8 Double 0 0,First,#,Gravity_00_20,BTYR10_G,-1,-1;YRMV10_G "YRMV10_G" true true false 8 Double 0 0,First,#,Gravity_00_20,YRMV10_G,-1,-1;VAC10_G "VAC10_G" true true false 8 Double 0 0,First,#,Gravity_00_20,VAC10_G,-1,-1;OLD10_G "OLD10_G" true true false 8 Double 0 0,First,#,Gravity_00_20,OLD10_G,-1,-1;CHILD10_G "CHILD10_G" true true false 8 Double 0 0,First,#,Gravity_00_20,CHILD10_G,-1,-1;EDU13_G "EDU13_G" true true false 8 Double 0 0,First,#,Gravity_00_20,EDU13_G,-1,-1;UNEM13_G "UNEM13_G" true true false 8 Double 0 0,First,#,Gravity_00_20,UNEM13_G,-1,-1;MANU13_G "MANU13_G" true true false 8 Double 0 0,First,#,Gravity_00_20,MANU13_G,-1,-1;POV13_G "POV13_G" true true false 8 Double 0 0,First,#,Gravity_00_20,POV13_G,-1,-1;OWNC13_G "OWNC13_G" true true false 8 Double 0 0,First,#,Gravity_00_20,OWNC13_G,-1,-1;MULS13_G "MULS13_G" true true false 8 Double 0 0,First,#,Gravity_00_20,MULS13_G,-1,-1;MEDH13_G "MEDH13_G" true true false 8 Double 0 0,First,#,Gravity_00_20,MEDH13_G,-1,-1;BTYR13_G "BTYR13_G" true true false 8 Double 0 0,First,#,Gravity_00_20,BTYR13_G,-1,-1;YRMV13_G "YRMV13_G" true true false 8 Double 0 0,First,#,Gravity_00_20,YRMV13_G,-1,-1;VAC13_G "VAC13_G" true true false 8 Double 0 0,First,#,Gravity_00_20,VAC13_G,-1,-1;OLD13_G "OLD13_G" true true false 8 Double 0 0,First,#,Gravity_00_20,OLD13_G,-1,-1;CHILD13_G "CHILD13_G" true true false 8 Double 0 0,First,#,Gravity_00_20,CHILD13_G,-1,-1;EDU15_G "EDU15_G" true true false 8 Double 0 0,First,#,Gravity_00_20,EDU15_G,-1,-1;UNEM15_G "UNEM15_G" true true false 8 Double 0 0,First,#,Gravity_00_20,UNEM15_G,-1,-1;MANU15_G "MANU15_G" true true false 8 Double 0 0,First,#,Gravity_00_20,MANU15_G,-1,-1;POV15_G "POV15_G" true true false 8 Double 0 0,First,#,Gravity_00_20,POV15_G,-1,-1;OWNC15_G "OWNC15_G" true true false 8 Double 0 0,First,#,Gravity_00_20,OWNC15_G,-1,-1;MULS15_G "MULS15_G" true true false 8 Double 0 0,First,#,Gravity_00_20,MULS15_G,-1,-1;MEDH15_G "MEDH15_G" true true false 8 Double 0 0,First,#,Gravity_00_20,MEDH15_G,-1,-1;BTYR15_G "BTYR15_G" true true false 8 Double 0 0,First,#,Gravity_00_20,BTYR15_G,-1,-1;YRMV15_G "YRMV15_G" true true false 8 Double 0 0,First,#,Gravity_00_20,YRMV15_G,-1,-1;VAC15_G "VAC15_G" true true false 8 Double 0 0,First,#,Gravity_00_20,VAC15_G,-1,-1;OLD15_G "OLD15_G" true true false 8 Double 0 0,First,#,Gravity_00_20,OLD15_G,-1,-1;CHILD15_G "CHILD15_G" true true false 8 Double 0 0,First,#,Gravity_00_20,CHILD15_G,-1,-1;EDU18_G "EDU18_G" true true false 8 Double 0 0,First,#,Gravity_00_20,EDU18_G,-1,-1;UNEM18_G "UNEM18_G" true true false 8 Double 0 0,First,#,Gravity_00_20,UNEM18_G,-1,-1;MANU18_G "MANU18_G" true true false 8 Double 0 0,First,#,Gravity_00_20,MANU18_G,-1,-1;POV18_G "POV18_G" true true false 8 Double 0 0,First,#,Gravity_00_20,POV18_G,-1,-1;OWNC18_G "OWNC18_G" true true false 8 Double 0 0,First,#,Gravity_00_20,OWNC18_G,-1,-1;MUNLS18_G "MUNLS18_G" true true false 8 Double 0 0,First,#,Gravity_00_20,MUNLS18_G,-1,-1;MEDH18_G "MEDH18_G" true true false 8 Double 0 0,First,#,Gravity_00_20,MEDH18_G,-1,-1;BTYR18_G "BTYR18_G" true true false 8 Double 0 0,First,#,Gravity_00_20,BTYR18_G,-1,-1;YRMV18_G "YRMV18_G" true true false 8 Double 0 0,First,#,Gravity_00_20,YRMV18_G,-1,-1;VAC18_G "VAC18_G" true true false 8 Double 0 0,First,#,Gravity_00_20,VAC18_G,-1,-1;OLD18_G "OLD18_G" true true false 8 Double 0 0,First,#,Gravity_00_20,OLD18_G,-1,-1;CHILD18_G "CHILD18_G" true true false 8 Double 0 0,First,#,Gravity_00_20,CHILD18_G,-1,-1;EDU20_G "EDU20_G" true true false 8 Double 0 0,First,#,Gravity_00_20,EDU20_G,-1,-1;UNEM20_G "UNEM20_G" true true false 8 Double 0 0,First,#,Gravity_00_20,UNEM20_G,-1,-1;MANU20_G "MANU20_G" true true false 8 Double 0 0,First,#,Gravity_00_20,MANU20_G,-1,-1;POV20_G "POV20_G" true true false 8 Double 0 0,First,#,Gravity_00_20,POV20_G,-1,-1;OWNC20_G "OWNC20_G" true true false 8 Double 0 0,First,#,Gravity_00_20,OWNC20_G,-1,-1;MULS20_G "MULS20_G" true true false 8 Double 0 0,First,#,Gravity_00_20,MULS20_G,-1,-1;MEDH20_G "MEDH20_G" true true false 8 Double 0 0,First,#,Gravity_00_20,MEDH20_G,-1,-1;BTYR20_G "BTYR20_G" true true false 8 Double 0 0,First,#,Gravity_00_20,BTYR20_G,-1,-1;YRMV20_G "YRMV20_G" true true false 8 Double 0 0,First,#,Gravity_00_20,YRMV20_G,-1,-1;VAC20_G "VAC20_G" true true false 8 Double 0 0,First,#,Gravity_00_20,VAC20_G,-1,-1;OLD20_G "OLD20_G" true true false 8 Double 0 0,First,#,Gravity_00_20,OLD20_G,-1,-1;CHILD20_G "CHILD20_G" true true false 8 Double 0 0,First,#,Gravity_00_20,CHILD20_G,-1,-1;Shape_Length "Shape_Length" false true true 8 Double 0 0,First,#,Gravity_00_20,Shape_Length,-1,-1;Shape_Area "Shape_Area" false true true 8 Double 0 0,First,#,Gravity_00_20,Shape_Area,-1,-1" #</Process></lineage><itemProps><itemName Sync="TRUE">gravity_00_20</itemName><imsContentType Sync="TRUE">002</imsContentType><itemSize Sync="TRUE">0.000</itemSize><itemLocation><linkage Sync="TRUE">file://\\JOJO\C$\Users\GunEW\Desktop\data\gravity\gravity_00_20.shp</linkage><protocol Sync="TRUE">Local Area Network</protocol></itemLocation></itemProps><coordRef><type Sync="TRUE">Projected</type><geogcsn Sync="TRUE">GCS_North_American_1983</geogcsn><csUnits Sync="TRUE">Linear Unit: Foot_US (0.304801)</csUnits><projcsn Sync="TRUE">NAD_1983_StatePlane_Michigan_South_FIPS_2113_Feet</projcsn><peXml Sync="TRUE">&lt;ProjectedCoordinateSystem xsi:type='typens:ProjectedCoordinateSystem' xmlns:xsi='http://www.w3.org/2001/XMLSchema-instance' xmlns:xs='http://www.w3.org/2001/XMLSchema' xmlns:typens='http://www.esri.com/schemas/ArcGIS/3.0.0'&gt;&lt;WKT&gt;PROJCS[&amp;quot;NAD_1983_StatePlane_Michigan_South_FIPS_2113_Feet&amp;quot;,GEOGCS[&amp;quot;GCS_North_American_1983&amp;quot;,DATUM[&amp;quot;D_North_American_1983&amp;quot;,SPHEROID[&amp;quot;GRS_1980&amp;quot;,6378137.0,298.257222101]],PRIMEM[&amp;quot;Greenwich&amp;quot;,0.0],UNIT[&amp;quot;Degree&amp;quot;,0.0174532925199433]],PROJECTION[&amp;quot;Lambert_Conformal_Conic&amp;quot;],PARAMETER[&amp;quot;False_Easting&amp;quot;,13123333.33333333],PARAMETER[&amp;quot;False_Northing&amp;quot;,0.0],PARAMETER[&amp;quot;Central_Meridian&amp;quot;,-84.36666666666666],PARAMETER[&amp;quot;Standard_Parallel_1&amp;quot;,42.1],PARAMETER[&amp;quot;Standard_Parallel_2&amp;quot;,43.66666666666666],PARAMETER[&amp;quot;Latitude_Of_Origin&amp;quot;,41.5],UNIT[&amp;quot;Foot_US&amp;quot;,0.3048006096012192],AUTHORITY[&amp;quot;Esri&amp;quot;,102690]]&lt;/WKT&gt;&lt;XOrigin&gt;-107138400&lt;/XOrigin&gt;&lt;YOrigin&gt;-97193600&lt;/YOrigin&gt;&lt;XYScale&gt;37448328.332049981&lt;/XYScale&gt;&lt;ZOrigin&gt;-100000&lt;/ZOrigin&gt;&lt;ZScale&gt;10000&lt;/ZScale&gt;&lt;MOrigin&gt;-100000&lt;/MOrigin&gt;&lt;MScale&gt;10000&lt;/MScale&gt;&lt;XYTolerance&gt;0.0032808333333333335&lt;/XYTolerance&gt;&lt;ZTolerance&gt;0.001&lt;/ZTolerance&gt;&lt;MTolerance&gt;0.001&lt;/MTolerance&gt;&lt;HighPrecision&gt;true&lt;/HighPrecision&gt;&lt;WKID&gt;102690&lt;/WKID&gt;&lt;LatestWKID&gt;102690&lt;/LatestWKID&gt;&lt;/ProjectedCoordinateSystem&gt;</peXml></coordRef></DataProperties><SyncDate>20240624</SyncDate><SyncTime>09304000</SyncTime><ModDate>20240624</ModDate><ModTime>09304000</ModTime></Esri><dataIdInfo><envirDesc Sync="TRUE">Microsoft Windows 10 Version 10.0 (Build 22631) ; Esri ArcGIS 13.0.0.36056</envirDesc><dataLang><languageCode value="zho" Sync="TRUE"></languageCode><countryCode value="CHN" Sync="TRUE"></countryCode></dataLang><idCitation><resTitle Sync="TRUE">gravity_00_20</resTitle><presForm><PresFormCd value="005" Sync="TRUE"></PresFormCd></presForm></idCitation><spatRpType><SpatRepTypCd value="001" Sync="TRUE"></SpatRepTypCd></spatRpType></dataIdInfo><mdLang><languageCode value="zho" Sync="TRUE"></languageCode><countryCode value="CHN" Sync="TRUE"></countryCode></mdLang><mdChar><CharSetCd value="004" Sync="TRUE"></CharSetCd></mdChar><distInfo><distFormat><formatName Sync="TRUE">Shapefile</formatName></distFormat><distTranOps><transSize Sync="TRUE">0.000</transSize></distTranOps></distInfo><mdHrLv><ScopeCd value="005" Sync="TRUE"></ScopeCd></mdHrLv><mdHrLvName Sync="TRUE">dataset</mdHrLvName><refSysInfo><RefSystem><refSysID><identCode code="102690" Sync="TRUE"></identCode><idCodeSpace Sync="TRUE">Esri</idCodeSpace><idVersion Sync="TRUE">8.0.1</idVersion></refSysID></RefSystem></refSysInfo><spatRepInfo><VectSpatRep><geometObjs Name="gravity_00_20"><geoObjTyp><GeoObjTypCd value="002" Sync="TRUE"></GeoObjTypCd></geoObjTyp><geoObjCnt Sync="TRUE">0</geoObjCnt></geometObjs><topLvl><TopoLevCd value="001" Sync="TRUE"></TopoLevCd></topLvl></VectSpatRep></spatRepInfo><spdoinfo><ptvctinf><esriterm Name="gravity_00_20"><efeatyp Sync="TRUE">Simple</efeatyp><efeageom code="4" Sync="TRUE"></efeageom><esritopo Sync="TRUE">FALSE</esritopo><efeacnt Sync="TRUE">0</efeacnt><spindex Sync="TRUE">FALSE</spindex><linrefer Sync="TRUE">FALSE</linrefer></esriterm></ptvctinf></spdoinfo><eainfo><detailed Name="gravity_00_20"><enttyp><enttypl Sync="TRUE">gravity_00_20</enttypl><enttypt Sync="TRUE">Feature Class</enttypt><enttypc Sync="TRUE">0</enttypc></enttyp><attr><attrlabl Sync="TRUE">FID</attrlabl><attalias Sync="TRUE">FID</attalias><attrtype Sync="TRUE">OID</attrtype><attwidth Sync="TRUE">4</attwidth><atprecis Sync="TRUE">0</atprecis><attscale Sync="TRUE">0</attscale><attrdef Sync="TRUE">Internal feature number.</attrdef><attrdefs Sync="TRUE">Esri</attrdefs><attrdomv><udom Sync="TRUE">Sequential unique whole numbers that are automatically generated.</udom></attrdomv></attr><attr><attrlabl Sync="TRUE">Shape</attrlabl><attalias Sync="TRUE">Shape</attalias><attrtype Sync="TRUE">Geometry</attrtype><attwidth Sync="TRUE">0</attwidth><atprecis Sync="TRUE">0</atprecis><attscale Sync="TRUE">0</attscale><attrdef Sync="TRUE">Feature geometry.</attrdef><attrdefs Sync="TRUE">Esri</attrdefs><attrdomv><udom Sync="TRUE">Coordinates defining the features.</udom></attrdomv></attr><attr><attrlabl Sync="TRUE">Index2010</attrlabl><attalias Sync="TRUE">Index2010</attalias><attrtype Sync="TRUE">Double</attrtype><attwidth Sync="TRUE">19</attwidth><atprecis Sync="TRUE">0</atprecis><attscale Sync="TRUE">0</attscale></attr><attr><attrlabl Sync="TRUE">GEO2010</attrlabl><attalias Sync="TRUE">GEO2010</attalias><attrtype Sync="TRUE">String</attrtype><attwidth Sync="TRUE">254</attwidth><atprecis Sync="TRUE">0</atprecis><attscale Sync="TRUE">0</attscale></attr><attr><attrlabl Sync="TRUE">seed</attrlabl><attalias Sync="TRUE">seed</attalias><attrtype Sync="TRUE">Integer</attrtype><attwidth Sync="TRUE">5</attwidth><atprecis Sync="TRUE">5</atprecis><attscale Sync="TRUE">0</attscale></attr><attr><attrlabl Sync="TRUE">EDU00_G</attrlabl><attalias Sync="TRUE">EDU00_G</attalias><attrtype Sync="TRUE">Double</attrtype><attwidth Sync="TRUE">19</attwidth><atprecis Sync="TRUE">0</atprecis><attscale Sync="TRUE">0</attscale></attr><attr><attrlabl Sync="TRUE">UNEM00_G</attrlabl><attalias Sync="TRUE">UNEM00_G</attalias><attrtype Sync="TRUE">Double</attrtype><attwidth Sync="TRUE">19</attwidth><atprecis Sync="TRUE">0</atprecis><attscale Sync="TRUE">0</attscale></attr><attr><attrlabl Sync="TRUE">MANU00_G</attrlabl><attalias Sync="TRUE">MANU00_G</attalias><attrtype Sync="TRUE">Double</attrtype><attwidth Sync="TRUE">19</attwidth><atprecis Sync="TRUE">0</atprecis><attscale Sync="TRUE">0</attscale></attr><attr><attrlabl Sync="TRUE">POV00_G</attrlabl><attalias Sync="TRUE">POV00_G</attalias><attrtype Sync="TRUE">Double</attrtype><attwidth Sync="TRUE">19</attwidth><atprecis Sync="TRUE">0</atprecis><attscale Sync="TRUE">0</attscale></attr><attr><attrlabl Sync="TRUE">OWNC00_G</attrlabl><attalias Sync="TRUE">OWNC00_G</attalias><attrtype Sync="TRUE">Double</attrtype><attwidth Sync="TRUE">19</attwidth><atprecis Sync="TRUE">0</atprecis><attscale Sync="TRUE">0</attscale></attr><attr><attrlabl Sync="TRUE">MULS00_G</attrlabl><attalias Sync="TRUE">MULS00_G</attalias><attrtype Sync="TRUE">Double</attrtype><attwidth Sync="TRUE">19</attwidth><atprecis Sync="TRUE">0</atprecis><attscale Sync="TRUE">0</attscale></attr><attr><attrlabl Sync="TRUE">MEDH00_G</attrlabl><attalias Sync="TRUE">MEDH00_G</attalias><attrtype Sync="TRUE">Double</attrtype><attwidth Sync="TRUE">19</attwidth><atprecis Sync="TRUE">0</atprecis><attscale Sync="TRUE">0</attscale></attr><attr><attrlabl Sync="TRUE">BTYR00_G</attrlabl><attalias Sync="TRUE">BTYR00_G</attalias><attrtype Sync="TRUE">Double</attrtype><attwidth Sync="TRUE">19</attwidth><atprecis Sync="TRUE">0</atprecis><attscale Sync="TRUE">0</attscale></attr><attr><attrlabl Sync="TRUE">YRMV00_G</attrlabl><attalias Sync="TRUE">YRMV00_G</attalias><attrtype Sync="TRUE">Double</attrtype><attwidth Sync="TRUE">19</attwidth><atprecis Sync="TRUE">0</atprecis><attscale Sync="TRUE">0</attscale></attr><attr><attrlabl Sync="TRUE">VAC00_G</attrlabl><attalias Sync="TRUE">VAC00_G</attalias><attrtype Sync="TRUE">Double</attrtype><attwidth Sync="TRUE">19</attwidth><atprecis Sync="TRUE">0</atprecis><attscale Sync="TRUE">0</attscale></attr><attr><attrlabl Sync="TRUE">OLD00_G</attrlabl><attalias Sync="TRUE">OLD00_G</attalias><attrtype Sync="TRUE">Double</attrtype><attwidth Sync="TRUE">19</attwidth><atprecis Sync="TRUE">0</atprecis><attscale Sync="TRUE">0</attscale></attr><attr><attrlabl Sync="TRUE">CHILD00_G</attrlabl><attalias Sync="TRUE">CHILD00_G</attalias><attrtype Sync="TRUE">Double</attrtype><attwidth Sync="TRUE">19</attwidth><atprecis Sync="TRUE">0</atprecis><attscale Sync="TRUE">0</attscale></attr><attr><attrlabl Sync="TRUE">EDU10_G</attrlabl><attalias Sync="TRUE">EDU10_G</attalias><attrtype Sync="TRUE">Double</attrtype><attwidth Sync="TRUE">19</attwidth><atprecis Sync="TRUE">0</atprecis><attscale Sync="TRUE">0</attscale></attr><attr><attrlabl Sync="TRUE">UNEM10_G</attrlabl><attalias Sync="TRUE">UNEM10_G</attalias><attrtype Sync="TRUE">Double</attrtype><attwidth Sync="TRUE">19</attwidth><atprecis Sync="TRUE">0</atprecis><attscale Sync="TRUE">0</attscale></attr><attr><attrlabl Sync="TRUE">MANU10_G</attrlabl><attalias Sync="TRUE">MANU10_G</attalias><attrtype Sync="TRUE">Double</attrtype><attwidth Sync="TRUE">19</attwidth><atprecis Sync="TRUE">0</atprecis><attscale Sync="TRUE">0</attscale></attr><attr><attrlabl Sync="TRUE">POV10_G</attrlabl><attalias Sync="TRUE">POV10_G</attalias><attrtype Sync="TRUE">Double</attrtype><attwidth Sync="TRUE">19</attwidth><atprecis Sync="TRUE">0</atprecis><attscale Sync="TRUE">0</attscale></attr><attr><attrlabl Sync="TRUE">OWNC10_G</attrlabl><attalias Sync="TRUE">OWNC10_G</attalias><attrtype Sync="TRUE">Double</attrtype><attwidth Sync="TRUE">19</attwidth><atprecis Sync="TRUE">0</atprecis><attscale Sync="TRUE">0</attscale></attr><attr><attrlabl Sync="TRUE">MULS10_G</attrlabl><attalias Sync="TRUE">MULS10_G</attalias><attrtype Sync="TRUE">Double</attrtype><attwidth Sync="TRUE">19</attwidth><atprecis Sync="TRUE">0</atprecis><attscale Sync="TRUE">0</attscale></attr><attr><attrlabl Sync="TRUE">MEDH10_G</attrlabl><attalias Sync="TRUE">MEDH10_G</attalias><attrtype Sync="TRUE">Double</attrtype><attwidth Sync="TRUE">19</attwidth><atprecis Sync="TRUE">0</atprecis><attscale Sync="TRUE">0</attscale></attr><attr><attrlabl Sync="TRUE">BTYR10_G</attrlabl><attalias Sync="TRUE">BTYR10_G</attalias><attrtype Sync="TRUE">Double</attrtype><attwidth Sync="TRUE">19</attwidth><atprecis Sync="TRUE">0</atprecis><attscale Sync="TRUE">0</attscale></attr><attr><attrlabl Sync="TRUE">YRMV10_G</attrlabl><attalias Sync="TRUE">YRMV10_G</attalias><attrtype Sync="TRUE">Double</attrtype><attwidth Sync="TRUE">19</attwidth><atprecis Sync="TRUE">0</atprecis><attscale Sync="TRUE">0</attscale></attr><attr><attrlabl Sync="TRUE">VAC10_G</attrlabl><attalias Sync="TRUE">VAC10_G</attalias><attrtype Sync="TRUE">Double</attrtype><attwidth Sync="TRUE">19</attwidth><atprecis Sync="TRUE">0</atprecis><attscale Sync="TRUE">0</attscale></attr><attr><attrlabl Sync="TRUE">OLD10_G</attrlabl><attalias Sync="TRUE">OLD10_G</attalias><attrtype Sync="TRUE">Double</attrtype><attwidth Sync="TRUE">19</attwidth><atprecis Sync="TRUE">0</atprecis><attscale Sync="TRUE">0</attscale></attr><attr><attrlabl Sync="TRUE">CHILD10_G</attrlabl><attalias Sync="TRUE">CHILD10_G</attalias><attrtype Sync="TRUE">Double</attrtype><attwidth Sync="TRUE">19</attwidth><atprecis Sync="TRUE">0</atprecis><attscale Sync="TRUE">0</attscale></attr><attr><attrlabl Sync="TRUE">EDU13_G</attrlabl><attalias Sync="TRUE">EDU13_G</attalias><attrtype Sync="TRUE">Double</attrtype><attwidth Sync="TRUE">19</attwidth><atprecis Sync="TRUE">0</atprecis><attscale Sync="TRUE">0</attscale></attr><attr><attrlabl Sync="TRUE">UNEM13_G</attrlabl><attalias Sync="TRUE">UNEM13_G</attalias><attrtype Sync="TRUE">Double</attrtype><attwidth Sync="TRUE">19</attwidth><atprecis Sync="TRUE">0</atprecis><attscale Sync="TRUE">0</attscale></attr><attr><attrlabl Sync="TRUE">MANU13_G</attrlabl><attalias Sync="TRUE">MANU13_G</attalias><attrtype Sync="TRUE">Double</attrtype><attwidth Sync="TRUE">19</attwidth><atprecis Sync="TRUE">0</atprecis><attscale Sync="TRUE">0</attscale></attr><attr><attrlabl Sync="TRUE">POV13_G</attrlabl><attalias Sync="TRUE">POV13_G</attalias><attrtype Sync="TRUE">Double</attrtype><attwidth Sync="TRUE">19</attwidth><atprecis Sync="TRUE">0</atprecis><attscale Sync="TRUE">0</attscale></attr><attr><attrlabl Sync="TRUE">OWNC13_G</attrlabl><attalias Sync="TRUE">OWNC13_G</attalias><attrtype Sync="TRUE">Double</attrtype><attwidth Sync="TRUE">19</attwidth><atprecis Sync="TRUE">0</atprecis><attscale Sync="TRUE">0</attscale></attr><attr><attrlabl Sync="TRUE">MULS13_G</attrlabl><attalias Sync="TRUE">MULS13_G</attalias><attrtype Sync="TRUE">Double</attrtype><attwidth Sync="TRUE">19</attwidth><atprecis Sync="TRUE">0</atprecis><attscale Sync="TRUE">0</attscale></attr><attr><attrlabl Sync="TRUE">MEDH13_G</attrlabl><attalias Sync="TRUE">MEDH13_G</attalias><attrtype Sync="TRUE">Double</attrtype><attwidth Sync="TRUE">19</attwidth><atprecis Sync="TRUE">0</atprecis><attscale Sync="TRUE">0</attscale></attr><attr><attrlabl Sync="TRUE">BTYR13_G</attrlabl><attalias Sync="TRUE">BTYR13_G</attalias><attrtype Sync="TRUE">Double</attrtype><attwidth Sync="TRUE">19</attwidth><atprecis Sync="TRUE">0</atprecis><attscale Sync="TRUE">0</attscale></attr><attr><attrlabl Sync="TRUE">YRMV13_G</attrlabl><attalias Sync="TRUE">YRMV13_G</attalias><attrtype Sync="TRUE">Double</attrtype><attwidth Sync="TRUE">19</attwidth><atprecis Sync="TRUE">0</atprecis><attscale Sync="TRUE">0</attscale></attr><attr><attrlabl Sync="TRUE">VAC13_G</attrlabl><attalias Sync="TRUE">VAC13_G</attalias><attrtype Sync="TRUE">Double</attrtype><attwidth Sync="TRUE">19</attwidth><atprecis Sync="TRUE">0</atprecis><attscale Sync="TRUE">0</attscale></attr><attr><attrlabl Sync="TRUE">OLD13_G</attrlabl><attalias Sync="TRUE">OLD13_G</attalias><attrtype Sync="TRUE">Double</attrtype><attwidth Sync="TRUE">19</attwidth><atprecis Sync="TRUE">0</atprecis><attscale Sync="TRUE">0</attscale></attr><attr><attrlabl Sync="TRUE">CHILD13_G</attrlabl><attalias Sync="TRUE">CHILD13_G</attalias><attrtype Sync="TRUE">Double</attrtype><attwidth Sync="TRUE">19</attwidth><atprecis Sync="TRUE">0</atprecis><attscale Sync="TRUE">0</attscale></attr><attr><attrlabl Sync="TRUE">EDU15_G</attrlabl><attalias Sync="TRUE">EDU15_G</attalias><attrtype Sync="TRUE">Double</attrtype><attwidth Sync="TRUE">19</attwidth><atprecis Sync="TRUE">0</atprecis><attscale Sync="TRUE">0</attscale></attr><attr><attrlabl Sync="TRUE">UNEM15_G</attrlabl><attalias Sync="TRUE">UNEM15_G</attalias><attrtype Sync="TRUE">Double</attrtype><attwidth Sync="TRUE">19</attwidth><atprecis Sync="TRUE">0</atprecis><attscale Sync="TRUE">0</attscale></attr><attr><attrlabl Sync="TRUE">MANU15_G</attrlabl><attalias Sync="TRUE">MANU15_G</attalias><attrtype Sync="TRUE">Double</attrtype><attwidth Sync="TRUE">19</attwidth><atprecis Sync="TRUE">0</atprecis><attscale Sync="TRUE">0</attscale></attr><attr><attrlabl Sync="TRUE">POV15_G</attrlabl><attalias Sync="TRUE">POV15_G</attalias><attrtype Sync="TRUE">Double</attrtype><attwidth Sync="TRUE">19</attwidth><atprecis Sync="TRUE">0</atprecis><attscale Sync="TRUE">0</attscale></attr><attr><attrlabl Sync="TRUE">OWNC15_G</attrlabl><attalias Sync="TRUE">OWNC15_G</attalias><attrtype Sync="TRUE">Double</attrtype><attwidth Sync="TRUE">19</attwidth><atprecis Sync="TRUE">0</atprecis><attscale Sync="TRUE">0</attscale></attr><attr><attrlabl Sync="TRUE">MULS15_G</attrlabl><attalias Sync="TRUE">MULS15_G</attalias><attrtype Sync="TRUE">Double</attrtype><attwidth Sync="TRUE">19</attwidth><atprecis Sync="TRUE">0</atprecis><attscale Sync="TRUE">0</attscale></attr><attr><attrlabl Sync="TRUE">MEDH15_G</attrlabl><attalias Sync="TRUE">MEDH15_G</attalias><attrtype Sync="TRUE">Double</attrtype><attwidth Sync="TRUE">19</attwidth><atprecis Sync="TRUE">0</atprecis><attscale Sync="TRUE">0</attscale></attr><attr><attrlabl Sync="TRUE">BTYR15_G</attrlabl><attalias Sync="TRUE">BTYR15_G</attalias><attrtype Sync="TRUE">Double</attrtype><attwidth Sync="TRUE">19</attwidth><atprecis Sync="TRUE">0</atprecis><attscale Sync="TRUE">0</attscale></attr><attr><attrlabl Sync="TRUE">YRMV15_G</attrlabl><attalias Sync="TRUE">YRMV15_G</attalias><attrtype Sync="TRUE">Double</attrtype><attwidth Sync="TRUE">19</attwidth><atprecis Sync="TRUE">0</atprecis><attscale Sync="TRUE">0</attscale></attr><attr><attrlabl Sync="TRUE">VAC15_G</attrlabl><attalias Sync="TRUE">VAC15_G</attalias><attrtype Sync="TRUE">Double</attrtype><attwidth Sync="TRUE">19</attwidth><atprecis Sync="TRUE">0</atprecis><attscale Sync="TRUE">0</attscale></attr><attr><attrlabl Sync="TRUE">OLD15_G</attrlabl><attalias Sync="TRUE">OLD15_G</attalias><attrtype Sync="TRUE">Double</attrtype><attwidth Sync="TRUE">19</attwidth><atprecis Sync="TRUE">0</atprecis><attscale Sync="TRUE">0</attscale></attr><attr><attrlabl Sync="TRUE">CHILD15_G</attrlabl><attalias Sync="TRUE">CHILD15_G</attalias><attrtype Sync="TRUE">Double</attrtype><attwidth Sync="TRUE">19</attwidth><atprecis Sync="TRUE">0</atprecis><attscale Sync="TRUE">0</attscale></attr><attr><attrlabl Sync="TRUE">EDU18_G</attrlabl><attalias Sync="TRUE">EDU18_G</attalias><attrtype Sync="TRUE">Double</attrtype><attwidth Sync="TRUE">19</attwidth><atprecis Sync="TRUE">0</atprecis><attscale Sync="TRUE">0</attscale></attr><attr><attrlabl Sync="TRUE">UNEM18_G</attrlabl><attalias Sync="TRUE">UNEM18_G</attalias><attrtype Sync="TRUE">Double</attrtype><attwidth Sync="TRUE">19</attwidth><atprecis Sync="TRUE">0</atprecis><attscale Sync="TRUE">0</attscale></attr><attr><attrlabl Sync="TRUE">MANU18_G</attrlabl><attalias Sync="TRUE">MANU18_G</attalias><attrtype Sync="TRUE">Double</attrtype><attwidth Sync="TRUE">19</attwidth><atprecis Sync="TRUE">0</atprecis><attscale Sync="TRUE">0</attscale></attr><attr><attrlabl Sync="TRUE">POV18_G</attrlabl><attalias Sync="TRUE">POV18_G</attalias><attrtype Sync="TRUE">Double</attrtype><attwidth Sync="TRUE">19</attwidth><atprecis Sync="TRUE">0</atprecis><attscale Sync="TRUE">0</attscale></attr><attr><attrlabl Sync="TRUE">OWNC18_G</attrlabl><attalias Sync="TRUE">OWNC18_G</attalias><attrtype Sync="TRUE">Double</attrtype><attwidth Sync="TRUE">19</attwidth><atprecis Sync="TRUE">0</atprecis><attscale Sync="TRUE">0</attscale></attr><attr><attrlabl Sync="TRUE">MUNLS18_G</attrlabl><attalias Sync="TRUE">MUNLS18_G</attalias><attrtype Sync="TRUE">Double</attrtype><attwidth Sync="TRUE">19</attwidth><atprecis Sync="TRUE">0</atprecis><attscale Sync="TRUE">0</attscale></attr><attr><attrlabl Sync="TRUE">MEDH18_G</attrlabl><attalias Sync="TRUE">MEDH18_G</attalias><attrtype Sync="TRUE">Double</attrtype><attwidth Sync="TRUE">19</attwidth><atprecis Sync="TRUE">0</atprecis><attscale Sync="TRUE">0</attscale></attr><attr><attrlabl Sync="TRUE">BTYR18_G</attrlabl><attalias Sync="TRUE">BTYR18_G</attalias><attrtype Sync="TRUE">Double</attrtype><attwidth Sync="TRUE">19</attwidth><atprecis Sync="TRUE">0</atprecis><attscale Sync="TRUE">0</attscale></attr><attr><attrlabl Sync="TRUE">YRMV18_G</attrlabl><attalias Sync="TRUE">YRMV18_G</attalias><attrtype Sync="TRUE">Double</attrtype><attwidth Sync="TRUE">19</attwidth><atprecis Sync="TRUE">0</atprecis><attscale Sync="TRUE">0</attscale></attr><attr><attrlabl Sync="TRUE">VAC18_G</attrlabl><attalias Sync="TRUE">VAC18_G</attalias><attrtype Sync="TRUE">Double</attrtype><attwidth Sync="TRUE">19</attwidth><atprecis Sync="TRUE">0</atprecis><attscale Sync="TRUE">0</attscale></attr><attr><attrlabl Sync="TRUE">OLD18_G</attrlabl><attalias Sync="TRUE">OLD18_G</attalias><attrtype Sync="TRUE">Double</attrtype><attwidth Sync="TRUE">19</attwidth><atprecis Sync="TRUE">0</atprecis><attscale Sync="TRUE">0</attscale></attr><attr><attrlabl Sync="TRUE">CHILD18_G</attrlabl><attalias Sync="TRUE">CHILD18_G</attalias><attrtype Sync="TRUE">Double</attrtype><attwidth Sync="TRUE">19</attwidth><atprecis Sync="TRUE">0</atprecis><attscale Sync="TRUE">0</attscale></attr><attr><attrlabl Sync="TRUE">EDU20_G</attrlabl><attalias Sync="TRUE">EDU20_G</attalias><attrtype Sync="TRUE">Double</attrtype><attwidth Sync="TRUE">19</attwidth><atprecis Sync="TRUE">0</atprecis><attscale Sync="TRUE">0</attscale></attr><attr><attrlabl Sync="TRUE">UNEM20_G</attrlabl><attalias Sync="TRUE">UNEM20_G</attalias><attrtype Sync="TRUE">Double</attrtype><attwidth Sync="TRUE">19</attwidth><atprecis Sync="TRUE">0</atprecis><attscale Sync="TRUE">0</attscale></attr><attr><attrlabl Sync="TRUE">MANU20_G</attrlabl><attalias Sync="TRUE">MANU20_G</attalias><attrtype Sync="TRUE">Double</attrtype><attwidth Sync="TRUE">19</attwidth><atprecis Sync="TRUE">0</atprecis><attscale Sync="TRUE">0</attscale></attr><attr><attrlabl Sync="TRUE">POV20_G</attrlabl><attalias Sync="TRUE">POV20_G</attalias><attrtype Sync="TRUE">Double</attrtype><attwidth Sync="TRUE">19</attwidth><atprecis Sync="TRUE">0</atprecis><attscale Sync="TRUE">0</attscale></attr><attr><attrlabl Sync="TRUE">OWNC20_G</attrlabl><attalias Sync="TRUE">OWNC20_G</attalias><attrtype Sync="TRUE">Double</attrtype><attwidth Sync="TRUE">19</attwidth><atprecis Sync="TRUE">0</atprecis><attscale Sync="TRUE">0</attscale></attr><attr><attrlabl Sync="TRUE">MULS20_G</attrlabl><attalias Sync="TRUE">MULS20_G</attalias><attrtype Sync="TRUE">Double</attrtype><attwidth Sync="TRUE">19</attwidth><atprecis Sync="TRUE">0</atprecis><attscale Sync="TRUE">0</attscale></attr><attr><attrlabl Sync="TRUE">MEDH20_G</attrlabl><attalias Sync="TRUE">MEDH20_G</attalias><attrtype Sync="TRUE">Double</attrtype><attwidth Sync="TRUE">19</attwidth><atprecis Sync="TRUE">0</atprecis><attscale Sync="TRUE">0</attscale></attr><attr><attrlabl Sync="TRUE">BTYR20_G</attrlabl><attalias Sync="TRUE">BTYR20_G</attalias><attrtype Sync="TRUE">Double</attrtype><attwidth Sync="TRUE">19</attwidth><atprecis Sync="TRUE">0</atprecis><attscale Sync="TRUE">0</attscale></attr><attr><attrlabl Sync="TRUE">YRMV20_G</attrlabl><attalias Sync="TRUE">YRMV20_G</attalias><attrtype Sync="TRUE">Double</attrtype><attwidth Sync="TRUE">19</attwidth><atprecis Sync="TRUE">0</atprecis><attscale Sync="TRUE">0</attscale></attr><attr><attrlabl Sync="TRUE">VAC20_G</attrlabl><attalias Sync="TRUE">VAC20_G</attalias><attrtype Sync="TRUE">Double</attrtype><attwidth Sync="TRUE">19</attwidth><atprecis Sync="TRUE">0</atprecis><attscale Sync="TRUE">0</attscale></attr><attr><attrlabl Sync="TRUE">OLD20_G</attrlabl><attalias Sync="TRUE">OLD20_G</attalias><attrtype Sync="TRUE">Double</attrtype><attwidth Sync="TRUE">19</attwidth><atprecis Sync="TRUE">0</atprecis><attscale Sync="TRUE">0</attscale></attr><attr><attrlabl Sync="TRUE">CHILD20_G</attrlabl><attalias Sync="TRUE">CHILD20_G</attalias><attrtype Sync="TRUE">Double</attrtype><attwidth Sync="TRUE">19</attwidth><atprecis Sync="TRUE">0</atprecis><attscale Sync="TRUE">0</attscale></attr><attr><attrlabl Sync="TRUE">Shape_Leng</attrlabl><attalias Sync="TRUE">Shape_Leng</attalias><attrtype Sync="TRUE">Double</attrtype><attwidth Sync="TRUE">19</attwidth><atprecis Sync="TRUE">0</atprecis><attscale Sync="TRUE">0</attscale></attr><attr><attrlabl Sync="TRUE">Shape_Area</attrlabl><attalias Sync="TRUE">Shape_Area</attalias><attrtype Sync="TRUE">Double</attrtype><attwidth Sync="TRUE">19</attwidth><atprecis Sync="TRUE">0</atprecis><attscale Sync="TRUE">0</attscale><attrdef Sync="TRUE">Area of feature in internal units squared.</attrdef><attrdefs Sync="TRUE">Esri</attrdefs><attrdomv><udom Sync="TRUE">Positive real numbers that are automatically generated.</udom></attrdomv></attr></detailed></eainfo><mdDateSt Sync="TRUE">20240624</mdDateSt></metadata>
