<?xml version="1.0" encoding="UTF-8"?>
<metadata xml:lang="en"><Esri><CreaDate>20220610</CreaDate><CreaTime>17212800</CreaTime><ArcGISFormat>1.0</ArcGISFormat><SyncOnce>TRUE</SyncOnce><DataProperties><lineage><Process ToolSource="c:\program files (x86)\arcgis\desktop10.8\ArcToolbox\Toolboxes\Data Management Tools.tbx\CreateFeatureclass" Date="20220610" Time="171740">CreateFeatureclass C:\Users\yichu\Work\Year2022\Geography\SpringerBookProposal\The_Book\Chapter_6\T4_Process Tract_6_Fact_Agg.shp POINT # DISABLED DISABLED "PROJCS['NAD_1983_StatePlane_Michigan_South_FIPS_2113_Feet',GEOGCS['GCS_North_American_1983',DATUM['D_North_American_1983',SPHEROID['GRS_1980',6378137.0,298.257222101]],PRIMEM['Greenwich',0.0],UNIT['Degree',0.0174532925199433]],PROJECTION['Lambert_Conformal_Conic'],PARAMETER['False_Easting',13123333.33333333],PARAMETER['False_Northing',0.0],PARAMETER['Central_Meridian',-84.36666666666666],PARAMETER['Standard_Parallel_1',42.1],PARAMETER['Standard_Parallel_2',43.66666666666666],PARAMETER['Latitude_Of_Origin',41.5],UNIT['Foot_US',0.3048006096012192]];-107138400 -97193600 37448328.33205;-100000 10000;-100000 10000;5000;0.001;0.001;IsHighPrecision" # 0 0 0</Process><Process ToolSource="c:\program files (x86)\arcgis\desktop10.8\ArcToolbox\Toolboxes\Data Management Tools.tbx\AddField" Date="20220610" Time="171741">AddField C:\Users\yichu\Work\Year2022\Geography\SpringerBookProposal\The_Book\Chapter_6\T4_Process\Tract_6_Fact_Agg.shp ICOUNT LONG # # # # NULLABLE NON_REQUIRED #</Process><Process ToolSource="c:\program files (x86)\arcgis\desktop10.8\ArcToolbox\Toolboxes\Spatial Statistics Tools.tbx\CollectEvents" Date="20220610" Time="171742">CollectEvents Tract_6_Fac_Copy C:\Users\yichu\Work\Year2022\Geography\SpringerBookProposal\The_Book\Chapter_6\T4_Process\Tract_6_Fact_Agg.shp</Process></lineage></DataProperties></Esri></metadata>
