<?xml version="1.0" encoding="UTF-8"?>
<metadata xml:lang="zh"><Esri><CreaDate>20240607</CreaDate><CreaTime>15161900</CreaTime><ArcGISFormat>1.0</ArcGISFormat><SyncOnce>TRUE</SyncOnce><DataProperties><lineage><Process ToolSource="e:\software\arcgispro\Resources\ArcToolbox\toolboxes\Conversion Tools.tbx\ExportFeatures" Date="20240607" Time="151619">ExportFeatures ct2010 E:\Programs\Detroit\spatial_weights\Detroit\Detroit.shp # NOT_USE_ALIAS "Index2010 "Index2010" true true false 5 Long 0 5,First,#,ct2010,ct2010.Index2010,-1,-1;GEO2010 "GEO2010" true true false 11 Text 0 0,First,#,ct2010,ct2010.GEO2010,0,11;Area2010 "Area2010" true true false 19 Double 0 0,First,#,ct2010,ct2010.Area2010,-1,-1;EDU00 "EDU00" true true false 8 Double 0 0,First,#,ct2010,final_df.csv.EDU00,-1,-1;UNEM00 "UNEM00" true true false 8 Double 0 0,First,#,ct2010,final_df.csv.UNEM00,-1,-1;MANU00 "MANU00" true true false 8 Double 0 0,First,#,ct2010,final_df.csv.MANU00,-1,-1;POV00 "POV00" true true false 8 Double 0 0,First,#,ct2010,final_df.csv.POV00,-1,-1;OWNC00 "OWNC00" true true false 8 Double 0 0,First,#,ct2010,final_df.csv.OWNC00,-1,-1;MULS00 "MULS00" true true false 8 Double 0 0,First,#,ct2010,final_df.csv.MULS00,-1,-1;MEDH00 "MEDH00" true true false 8 Double 0 0,First,#,ct2010,final_df.csv.MEDH00,-1,-1;BTYR00 "BTYR00" true true false 8 Double 0 0,First,#,ct2010,final_df.csv.BTYR00,-1,-1;YRMV00 "YRMV00" true true false 8 Double 0 0,First,#,ct2010,final_df.csv.YRMV00,-1,-1;VAC00 "VAC00" true true false 8 Double 0 0,First,#,ct2010,final_df.csv.VAC00,-1,-1;OLD00 "OLD00" true true false 8 Double 0 0,First,#,ct2010,final_df.csv.OLD00,-1,-1;CHILD00 "CHILD00" true true false 8 Double 0 0,First,#,ct2010,final_df.csv.CHILD00,-1,-1;EDU10 "EDU10" true true false 8 Double 0 0,First,#,ct2010,final_df.csv.EDU10,-1,-1;UNEM10 "UNEM10" true true false 8 Double 0 0,First,#,ct2010,final_df.csv.UNEM10,-1,-1;MANU10 "MANU10" true true false 8 Double 0 0,First,#,ct2010,final_df.csv.MANU10,-1,-1;POV10 "POV10" true true false 8 Double 0 0,First,#,ct2010,final_df.csv.POV10,-1,-1;OWNC10 "OWNC10" true true false 8 Double 0 0,First,#,ct2010,final_df.csv.OWNC10,-1,-1;MULS10 "MULS10" true true false 8 Double 0 0,First,#,ct2010,final_df.csv.MULS10,-1,-1;MEDH10 "MEDH10" true true false 8 Double 0 0,First,#,ct2010,final_df.csv.MEDH10,-1,-1;BTYR10 "BTYR10" true true false 8 Double 0 0,First,#,ct2010,final_df.csv.BTYR10,-1,-1;YRMV10 "YRMV10" true true false 8 Double 0 0,First,#,ct2010,final_df.csv.YRMV10,-1,-1;VAC10 "VAC10" true true false 8 Double 0 0,First,#,ct2010,final_df.csv.VAC10,-1,-1;OLD10 "OLD10" true true false 8 Double 0 0,First,#,ct2010,final_df.csv.OLD10,-1,-1;CHILD10 "CHILD10" true true false 8 Double 0 0,First,#,ct2010,final_df.csv.CHILD10,-1,-1;EDU13 "EDU13" true true false 8 Double 0 0,First,#,ct2010,final_df.csv.EDU13,-1,-1;UNEM13 "UNEM13" true true false 8 Double 0 0,First,#,ct2010,final_df.csv.UNEM13,-1,-1;MANU13 "MANU13" true true false 8 Double 0 0,First,#,ct2010,final_df.csv.MANU13,-1,-1;POV13 "POV13" true true false 8 Double 0 0,First,#,ct2010,final_df.csv.POV13,-1,-1;OWNC13 "OWNC13" true true false 8 Double 0 0,First,#,ct2010,final_df.csv.OWNC13,-1,-1;MULS13 "MULS13" true true false 8 Double 0 0,First,#,ct2010,final_df.csv.MULS13,-1,-1;MEDH13 "MEDH13" true true false 8 Double 0 0,First,#,ct2010,final_df.csv.MEDH13,-1,-1;BTYR13 "BTYR13" true true false 8 Double 0 0,First,#,ct2010,final_df.csv.BTYR13,-1,-1;YRMV13 "YRMV13" true true false 8 Double 0 0,First,#,ct2010,final_df.csv.YRMV13,-1,-1;VAC13 "VAC13" true true false 8 Double 0 0,First,#,ct2010,final_df.csv.VAC13,-1,-1;OLD13 "OLD13" true true false 8 Double 0 0,First,#,ct2010,final_df.csv.OLD13,-1,-1;CHILD13 "CHILD13" true true false 8 Double 0 0,First,#,ct2010,final_df.csv.CHILD13,-1,-1;EDU15 "EDU15" true true false 8 Double 0 0,First,#,ct2010,final_df.csv.EDU15,-1,-1;UNEM15 "UNEM15" true true false 8 Double 0 0,First,#,ct2010,final_df.csv.UNEM15,-1,-1;MANU15 "MANU15" true true false 8 Double 0 0,First,#,ct2010,final_df.csv.MANU15,-1,-1;POV15 "POV15" true true false 8 Double 0 0,First,#,ct2010,final_df.csv.POV15,-1,-1;OWNC15 "OWNC15" true true false 8 Double 0 0,First,#,ct2010,final_df.csv.OWNC15,-1,-1;MULS15 "MULS15" true true false 8 Double 0 0,First,#,ct2010,final_df.csv.MULS15,-1,-1;MEDH15 "MEDH15" true true false 8 Double 0 0,First,#,ct2010,final_df.csv.MEDH15,-1,-1;BTYR15 "BTYR15" true true false 8 Double 0 0,First,#,ct2010,final_df.csv.BTYR15,-1,-1;YRMV15 "YRMV15" true true false 8 Double 0 0,First,#,ct2010,final_df.csv.YRMV15,-1,-1;VAC15 "VAC15" true true false 8 Double 0 0,First,#,ct2010,final_df.csv.VAC15,-1,-1;OLD15 "OLD15" true true false 8 Double 0 0,First,#,ct2010,final_df.csv.OLD15,-1,-1;CHILD15 "CHILD15" true true false 8 Double 0 0,First,#,ct2010,final_df.csv.CHILD15,-1,-1;EDU18 "EDU18" true true false 8 Double 0 0,First,#,ct2010,final_df.csv.EDU18,-1,-1;UNEM18 "UNEM18" true true false 8 Double 0 0,First,#,ct2010,final_df.csv.UNEM18,-1,-1;MANU18 "MANU18" true true false 8 Double 0 0,First,#,ct2010,final_df.csv.MANU18,-1,-1;POV18 "POV18" true true false 8 Double 0 0,First,#,ct2010,final_df.csv.POV18,-1,-1;OWNC18 "OWNC18" true true false 8 Double 0 0,First,#,ct2010,final_df.csv.OWNC18,-1,-1;MULS18 "MULS18" true true false 8 Double 0 0,First,#,ct2010,final_df.csv.MULS18,-1,-1;MEDH18 "MEDH18" true true false 8 Double 0 0,First,#,ct2010,final_df.csv.MEDH18,-1,-1;BTYR18 "BTYR18" true true false 8 Double 0 0,First,#,ct2010,final_df.csv.BTYR18,-1,-1;YRMV18 "YRMV18" true true false 8 Double 0 0,First,#,ct2010,final_df.csv.YRMV18,-1,-1;VAC18 "VAC18" true true false 8 Double 0 0,First,#,ct2010,final_df.csv.VAC18,-1,-1;OLD18 "OLD18" true true false 8 Double 0 0,First,#,ct2010,final_df.csv.OLD18,-1,-1;CHILD18 "CHILD18" true true false 8 Double 0 0,First,#,ct2010,final_df.csv.CHILD18,-1,-1;EDU20 "EDU20" true true false 8 Double 0 0,First,#,ct2010,final_df.csv.EDU20,-1,-1;UNEM20 "UNEM20" true true false 8 Double 0 0,First,#,ct2010,final_df.csv.UNEM20,-1,-1;MANU20 "MANU20" true true false 8 Double 0 0,First,#,ct2010,final_df.csv.MANU20,-1,-1;POV20 "POV20" true true false 8 Double 0 0,First,#,ct2010,final_df.csv.POV20,-1,-1;OWNC20 "OWNC20" true true false 8 Double 0 0,First,#,ct2010,final_df.csv.OWNC20,-1,-1;MULS20 "MULS20" true true false 8 Double 0 0,First,#,ct2010,final_df.csv.MULS20,-1,-1;MEDH20 "MEDH20" true true false 8 Double 0 0,First,#,ct2010,final_df.csv.MEDH20,-1,-1;BTYR20 "BTYR20" true true false 8 Double 0 0,First,#,ct2010,final_df.csv.BTYR20,-1,-1;YRMV20 "YRMV20" true true false 8 Double 0 0,First,#,ct2010,final_df.csv.YRMV20,-1,-1;VAC20 "VAC20" true true false 8 Double 0 0,First,#,ct2010,final_df.csv.VAC20,-1,-1;OLD20 "OLD20" true true false 8 Double 0 0,First,#,ct2010,final_df.csv.OLD20,-1,-1;CHILD20 "CHILD20" true true false 8 Double 0 0,First,#,ct2010,final_df.csv.CHILD20,-1,-1;WATER00 "WATER00" true true false 8 Double 0 0,First,#,ct2010,landuse_df.csv.WATER00,-1,-1;DEVELI00 "DEVELI00" true true false 8 Double 0 0,First,#,ct2010,landuse_df.csv.DEVELI00,-1,-1;WETLAND00 "WETLAND00" true true false 8 Double 0 0,First,#,ct2010,landuse_df.csv.WETLAND00,-1,-1;AGRI00 "AGRI00" true true false 8 Double 0 0,First,#,ct2010,landuse_df.csv.AGRI00,-1,-1;FOREST00 "FOREST00" true true false 8 Double 0 0,First,#,ct2010,landuse_df.csv.FOREST00,-1,-1;DEVEMI00 "DEVEMI00" true true false 8 Double 0 0,First,#,ct2010,landuse_df.csv.DEVEMI00,-1,-1;DEVEOS00 "DEVEOS00" true true false 8 Double 0 0,First,#,ct2010,landuse_df.csv.DEVEOS00,-1,-1;SHRUB00 "SHRUB00" true true false 8 Double 0 0,First,#,ct2010,landuse_df.csv.SHRUB00,-1,-1;DEVEHI00 "DEVEHI00" true true false 8 Double 0 0,First,#,ct2010,landuse_df.csv.DEVEHI00,-1,-1;BARREN00 "BARREN00" true true false 8 Double 0 0,First,#,ct2010,landuse_df.csv.BARREN00,-1,-1;UNCLA00 "UNCLA00" true true false 8 Double 0 0,First,#,ct2010,landuse_df.csv.UNCLA00,-1,-1;WATER10 "WATER10" true true false 8 Double 0 0,First,#,ct2010,landuse_df.csv.WATER10,-1,-1;DEVELI10 "DEVELI10" true true false 8 Double 0 0,First,#,ct2010,landuse_df.csv.DEVELI10,-1,-1;WETLAND10 "WETLAND10" true true false 8 Double 0 0,First,#,ct2010,landuse_df.csv.WETLAND10,-1,-1;AGRI10 "AGRI10" true true false 8 Double 0 0,First,#,ct2010,landuse_df.csv.AGRI10,-1,-1;FOREST10 "FOREST10" true true false 8 Double 0 0,First,#,ct2010,landuse_df.csv.FOREST10,-1,-1;DEVEMI10 "DEVEMI10" true true false 8 Double 0 0,First,#,ct2010,landuse_df.csv.DEVEMI10,-1,-1;DEVEOS10 "DEVEOS10" true true false 8 Double 0 0,First,#,ct2010,landuse_df.csv.DEVEOS10,-1,-1;SHRUB10 "SHRUB10" true true false 8 Double 0 0,First,#,ct2010,landuse_df.csv.SHRUB10,-1,-1;DEVEHI10 "DEVEHI10" true true false 8 Double 0 0,First,#,ct2010,landuse_df.csv.DEVEHI10,-1,-1;BARREN10 "BARREN10" true true false 8 Double 0 0,First,#,ct2010,landuse_df.csv.BARREN10,-1,-1;UNCLA10 "UNCLA10" true true false 8 Double 0 0,First,#,ct2010,landuse_df.csv.UNCLA10,-1,-1;WATER13 "WATER13" true true false 8 Double 0 0,First,#,ct2010,landuse_df.csv.WATER13,-1,-1;DEVELI13 "DEVELI13" true true false 8 Double 0 0,First,#,ct2010,landuse_df.csv.DEVELI13,-1,-1;WETLAND13 "WETLAND13" true true false 8 Double 0 0,First,#,ct2010,landuse_df.csv.WETLAND13,-1,-1;AGRI13 "AGRI13" true true false 8 Double 0 0,First,#,ct2010,landuse_df.csv.AGRI13,-1,-1;FOREST13 "FOREST13" true true false 8 Double 0 0,First,#,ct2010,landuse_df.csv.FOREST13,-1,-1;DEVEMI13 "DEVEMI13" true true false 8 Double 0 0,First,#,ct2010,landuse_df.csv.DEVEMI13,-1,-1;DEVEOS13 "DEVEOS13" true true false 8 Double 0 0,First,#,ct2010,landuse_df.csv.DEVEOS13,-1,-1;SHRUB13 "SHRUB13" true true false 8 Double 0 0,First,#,ct2010,landuse_df.csv.SHRUB13,-1,-1;DEVEHI13 "DEVEHI13" true true false 8 Double 0 0,First,#,ct2010,landuse_df.csv.DEVEHI13,-1,-1;BARREN13 "BARREN13" true true false 8 Double 0 0,First,#,ct2010,landuse_df.csv.BARREN13,-1,-1;UNCLA13 "UNCLA13" true true false 8 Double 0 0,First,#,ct2010,landuse_df.csv.UNCLA13,-1,-1;WATER15 "WATER15" true true false 8 Double 0 0,First,#,ct2010,landuse_df.csv.WATER15,-1,-1;DEVELI15 "DEVELI15" true true false 8 Double 0 0,First,#,ct2010,landuse_df.csv.DEVELI15,-1,-1;WETLAND15 "WETLAND15" true true false 8 Double 0 0,First,#,ct2010,landuse_df.csv.WETLAND15,-1,-1;AGRI15 "AGRI15" true true false 8 Double 0 0,First,#,ct2010,landuse_df.csv.AGRI15,-1,-1;FOREST15 "FOREST15" true true false 8 Double 0 0,First,#,ct2010,landuse_df.csv.FOREST15,-1,-1;DEVEMI15 "DEVEMI15" true true false 8 Double 0 0,First,#,ct2010,landuse_df.csv.DEVEMI15,-1,-1;DEVEOS15 "DEVEOS15" true true false 8 Double 0 0,First,#,ct2010,landuse_df.csv.DEVEOS15,-1,-1;SHRUB15 "SHRUB15" true true false 8 Double 0 0,First,#,ct2010,landuse_df.csv.SHRUB15,-1,-1;DEVEHI15 "DEVEHI15" true true false 8 Double 0 0,First,#,ct2010,landuse_df.csv.DEVEHI15,-1,-1;BARREN15 "BARREN15" true true false 8 Double 0 0,First,#,ct2010,landuse_df.csv.BARREN15,-1,-1;UNCLA15 "UNCLA15" true true false 8 Double 0 0,First,#,ct2010,landuse_df.csv.UNCLA15,-1,-1;WATER18 "WATER18" true true false 8 Double 0 0,First,#,ct2010,landuse_df.csv.WATER18,-1,-1;DEVELI18 "DEVELI18" true true false 8 Double 0 0,First,#,ct2010,landuse_df.csv.DEVELI18,-1,-1;WETLAND18 "WETLAND18" true true false 8 Double 0 0,First,#,ct2010,landuse_df.csv.WETLAND18,-1,-1;AGRI18 "AGRI18" true true false 8 Double 0 0,First,#,ct2010,landuse_df.csv.AGRI18,-1,-1;FOREST18 "FOREST18" true true false 8 Double 0 0,First,#,ct2010,landuse_df.csv.FOREST18,-1,-1;DEVEMI18 "DEVEMI18" true true false 8 Double 0 0,First,#,ct2010,landuse_df.csv.DEVEMI18,-1,-1;DEVEOS18 "DEVEOS18" true true false 8 Double 0 0,First,#,ct2010,landuse_df.csv.DEVEOS18,-1,-1;SHRUB18 "SHRUB18" true true false 8 Double 0 0,First,#,ct2010,landuse_df.csv.SHRUB18,-1,-1;DEVEHI18 "DEVEHI18" true true false 8 Double 0 0,First,#,ct2010,landuse_df.csv.DEVEHI18,-1,-1;BARREN18 "BARREN18" true true false 8 Double 0 0,First,#,ct2010,landuse_df.csv.BARREN18,-1,-1;UNCLA18 "UNCLA18" true true false 8 Double 0 0,First,#,ct2010,landuse_df.csv.UNCLA18,-1,-1;WATER20 "WATER20" true true false 8 Double 0 0,First,#,ct2010,landuse_df.csv.WATER20,-1,-1;DEVELI20 "DEVELI20" true true false 8 Double 0 0,First,#,ct2010,landuse_df.csv.DEVELI20,-1,-1;WETLAND20 "WETLAND20" true true false 8 Double 0 0,First,#,ct2010,landuse_df.csv.WETLAND20,-1,-1;AGRI20 "AGRI20" true true false 8 Double 0 0,First,#,ct2010,landuse_df.csv.AGRI20,-1,-1;FOREST20 "FOREST20" true true false 8 Double 0 0,First,#,ct2010,landuse_df.csv.FOREST20,-1,-1;DEVEMI20 "DEVEMI20" true true false 8 Double 0 0,First,#,ct2010,landuse_df.csv.DEVEMI20,-1,-1;DEVEOS20 "DEVEOS20" true true false 8 Double 0 0,First,#,ct2010,landuse_df.csv.DEVEOS20,-1,-1;SHRUB20 "SHRUB20" true true false 8 Double 0 0,First,#,ct2010,landuse_df.csv.SHRUB20,-1,-1;DEVEHI20 "DEVEHI20" true true false 8 Double 0 0,First,#,ct2010,landuse_df.csv.DEVEHI20,-1,-1;BARREN20 "BARREN20" true true false 8 Double 0 0,First,#,ct2010,landuse_df.csv.BARREN20,-1,-1;UNCLA20 "UNCLA20" true true false 8 Double 0 0,First,#,ct2010,landuse_df.csv.UNCLA20,-1,-1" #</Process><Process ToolSource="e:\software\arcgispro\Resources\ArcToolbox\toolboxes\Data Management Tools.tbx\UpdateSchema" Date="20240609" Time="165722">UpdateSchema "CIMDATA=&lt;CIMStandardDataConnection xsi:type='typens:CIMStandardDataConnection' xmlns:xsi='http://www.w3.org/2001/XMLSchema-instance' xmlns:xs='http://www.w3.org/2001/XMLSchema' xmlns:typens='http://www.esri.com/schemas/ArcGIS/3.0.0'&gt;&lt;WorkspaceConnectionString&gt;DATABASE=E:\Programs\Detroit\spatial_weights\Detroit&lt;/WorkspaceConnectionString&gt;&lt;WorkspaceFactory&gt;Shapefile&lt;/WorkspaceFactory&gt;&lt;Dataset&gt;Detroit&lt;/Dataset&gt;&lt;DatasetType&gt;esriDTFeatureClass&lt;/DatasetType&gt;&lt;/CIMStandardDataConnection&gt;" &lt;operationSequence&gt;&lt;workflow&gt;&lt;AddField&gt;&lt;field_name&gt;GEO_int&lt;/field_name&gt;&lt;field_type&gt;LONG&lt;/field_type&gt;&lt;field_is_nullable&gt;False&lt;/field_is_nullable&gt;&lt;field_is_required&gt;False&lt;/field_is_required&gt;&lt;/AddField&gt;&lt;/workflow&gt;&lt;/operationSequence&gt;</Process><Process ToolSource="e:\software\arcgispro\Resources\ArcToolbox\toolboxes\Data Management Tools.tbx\CalculateField" Date="20240609" Time="165825">CalculateField Detroit GEO_int !GEO2010! "Python 3" # 文本 NO_ENFORCE_DOMAINS</Process><Process ToolSource="e:\software\arcgispro\Resources\ArcToolbox\toolboxes\Data Management Tools.tbx\CalculateField" Date="20240609" Time="165904">CalculateField Detroit GEO_int !GEO2010! "Python 3" # 文本 ENFORCE_DOMAINS</Process><Process ToolSource="e:\software\arcgispro\Resources\ArcToolbox\toolboxes\Data Management Tools.tbx\CalculateField" Date="20240609" Time="170352">CalculateField Detroit GEO_int convert_to_int(!GEO2010!) "Python 3" "def convert_to_int(geo_text):
    try:
        return int(geo_text)
    except ValueError:
        return None  # 或者返回一个默认值，例如 -1
  " 文本 NO_ENFORCE_DOMAINS</Process><Process ToolSource="e:\software\arcgispro\Resources\ArcToolbox\toolboxes\Data Management Tools.tbx\DeleteField" Date="20240609" Time="170452">DeleteField Detroit GEO_int 删除字段</Process></lineage></DataProperties></Esri></metadata>
